Título,Autor,Localização,Emprestado para
ALFABETIZAÇÃO E LETRAMENTO ...,ANA LÚCIA GUERRERO,biblioteca,Disponível
PRODUÇÃO TEXTUAL,ANALISE,LUIS ANTÔNIO MARCUSCHI,biblioteca
LITERATURA INFANTIL - TEORIA,NELLY NOVAES,biblioteca,Disponível
CADERNO DE LEITURA - ORIENTAÇÃO PARA TRABALHO PEDAGÓGICO,ZÉLIA CAVALCANTI,biblioteca,Disponível
ACERVOS COMPLEMENTARES,MINISTÉRIO DA EDUCAÇÃO,biblioteca,Disponível
PARA LER E RELER,JOÃO BATISTA ARAÚJO,biblioteca,Disponível
FALAR LER E ESCREVER EM SALA DE AULA,STELLA MARIS REZENDE,biblioteca,Disponível
DESENHO NA SALA DE AULA,LUIZ ELSON DANTAS,biblioteca,Disponível
CONFUSÃO DE LÍNGUAS - O QUE O ADULTO ESCREVE A CRIANÇA LÊ,NINFA PARREIRAS,biblioteca,Disponível
HISTÓRIAS E HISTÓRIAS,P.N. BIBLIOTECA NA ESCOLA,biblioteca,Disponível
DA ESCOLA PARA CASA: ALFABETIZAÇÃO,ZOÉ RIOS/MÁRCIA LIBÂNIO,biblioteca,Disponível
HISTÓRIA DO RIO GRANDE DO NORTE,MARLENE DA SILVA MARIZ,biblioteca,Disponível
MALUNGOS NA ESCOLA  (CULTURA AFRO),EDMILSON DE ALMEIDA,biblioteca,Disponível
COMO FAZER TEATRINHO DE BONECOS,MARIA CLARA MACHADO,biblioteca,Disponível
POETAS DA ESCOLA,ANNA HELENA ALTENFELDER,biblioteca,Disponível
RELAÇÕES INTERNACIONAIS - CENÁRIOS PARA O SÉCULO XXI,WAGNER COSTA,biblioteca,Disponível
JOGOS EDUCATIVOS - ESTRATÉGIAS E ORGANIZAÇÃO DA PRÁTICA,ADRIANO J. ROSSETTO,biblioteca,Disponível
TEORIA E PRÁTICA DO ENSINO DE ARTE,MIRIAN CELESTE,biblioteca,Disponível
FUNDAMENTOS PEDAGOGICO DO PROGRAMA SEGUNDO TEMPO,AMAURÍ APARECIDO,biblioteca,Disponível
ENSINO DE MÚSICA NA ESCOLA FUNDAMENTAL,ALÍCIA MARIA ALMEIDA,biblioteca,Disponível
POESIA PARA CRIANÇAS - CONCEITOS,TENDÊNCIAS E PRÁTICAS,LEO CUNHA,biblioteca
ANDAR ENTRE LIVROS,TERESA COLOMER,biblioteca,Disponível
A OCASIÃO FAZ O ESCRITOR,MARIA APARECIDA LAGINESTRA,biblioteca,Disponível
ALFABETIZAÇÃO E LETRAMENTO NA SALA DE AULA,MARIA L. CASTANHEIRA,biblioteca,Disponível
TRABALHO COM JOGOS COOPERATIVOS,MARCOS MIRANDA,biblioteca,Disponível
PÉS NO CHÃO CABEÇA NAS ESTRELAS,DR. LAIR RIBEIRO,biblioteca,Disponível
ESCOLA DE VALOR,MARIA HELENA MARQUES,biblioteca,Disponível
LOBATO NA ESCOLA - ROTEIRO DE LEITURA,MILENA RIBEIRO,biblioteca,Disponível
A LEITURA LITERÁRIA (ESCOLA PÚBLICA POTIGUAR),CLAÚDIA SANTA ROSA,biblioteca,Disponível
EDUCAR PARA A SUSTENTABILIDADE,MOACIR GADOTTI,biblioteca,Disponível
O QUE É IDEOLOGIA,MARILENA CHAUÍ,biblioteca,Disponível
A SOCIEDADE DA INSEGURANÇA E A VIOLÊNCIA NA ESCOLA,FLÁVIA SCHILLING,biblioteca,Disponível
FAMÍLIA ESCOLA E APRENDIZAGEM,ISABEL PAROLIN,biblioteca,Disponível
CULTURAS JOVENS - NOVOS MAPAS DE AFETO,MARIA ISABEL MENDES,biblioteca,Disponível
AVENTURA DA ESCRITA,LIA ZATZ,biblioteca,Disponível
ATLAS - RN - ESPAÇO GEO-HIST E CULTURAL,JOSÉ LACERDA,biblioteca,Disponível
O BRASIL EM REGIÕES - NORDESTE,JOSÉ ARBEX JR,biblioteca,Disponível
O ESPAÇO GEOGRÁFICO (ENSINO E APRENDIZAGEM),ROSÂNGELA DOIN,biblioteca,Disponível
A TELEVISÃO DA BICHARADA,SIDÔNIO MURALHA,biblioteca,Disponível
TANTO TANTO!,TRISH COOKE,biblioteca,Disponível
PARA AQUELES QUE QUEREM VOAR,ANA MORTARA,biblioteca,Disponível
A PONTE,HEINZ JANISCH,biblioteca,Disponível
A HISTÓRIA DA ONÇA,MALBA TAHAN,biblioteca,Disponível
TITINHA A FADA DOS SONHOS,JÚNIOR DALBERTO,biblioteca,Disponível
O TRÊS PORQUINHOS,MARINA MASSARANI,biblioteca,Disponível
O GATO NO TELHADO,MARY FRANÇA,biblioteca,Disponível
JOÃO SEM NÃO,BIA MADRUGA,biblioteca,Disponível
CADÊ O JUÍZO,TINO FREITAS,biblioteca,Disponível
O PINTOR DE LEMBRANÇAS,JOSÉ ANTÔNIO DEL CANIZO,biblioteca,Disponível
BILILICO,EVA FURNARI,biblioteca,Disponível
TEMOS DE ENCONTRAR O FROGGY,PETER HAWS,biblioteca,Disponível
FICAR TRISTE NÃO É RUIM,MICHAELENE MUNDY,biblioteca,Disponível
O CASAMENTO DO RATO,ROSINHA,biblioteca,Disponível
PIPOCA UM CARNEIRO E UM TAMBOR,GRAZIELA BOZANO,biblioteca,Disponível
QUEM VAI SALVAR A VIDA?,RUTH ROCHA,biblioteca,Disponível
A VIDA É LINDA,RUTH MARSCHALEK,biblioteca,Disponível
CHÁ DE SUMIÇO,ANDRÉ RICARDO,biblioteca,Disponível
A CONSTRUÇÃO,SÍLVIO COSTA,biblioteca,Disponível
A PSOP,BIA BEDRAN,biblioteca,Disponível
ERVILINA E O PRINCÊS,SYLVIA ORTHOF,biblioteca,Disponível
COMO ISSO SERIA SE ASSIM NÃO FOSSE,MANO KLEBER,biblioteca,Disponível
DANTE E O ELEFANTE,LOUISE FERNANDES,biblioteca,Disponível
O PATO PACATO,BARTOLOMEU CAMPOS,biblioteca,Disponível
O ZOOLÓGICO,CRISPINIANO NETO,biblioteca,Disponível
A FORMIGADINHA,ROSSANA RAMOS,biblioteca,Disponível
SE ESSA RUA FOSSE MINHA,PAULA GIANINI,biblioteca,Disponível
JOÃO E MARIA DO ENGENHO,ANA CLAÚDIA TRIGUEIRO,biblioteca,Disponível
JOÃO LAVE AS MÃOS,ROBSON RENATO,biblioteca,Disponível
O QUE SE VÊ NO ABECÊ,ELIAS JOSE,biblioteca,Disponível
RODAS PRA QUE TE QUERO!,ANGELA CARNEIRO,biblioteca,Disponível
O PAÍS DAS EMOÇÕES,ANA LYGIA BEZERRA,biblioteca,Disponível
QUANTOS BICHOS,FERNANDO DE ALMEIDA,biblioteca,Disponível
O MENINO PENSANDOR,SALIZETE FREIRE,biblioteca,Disponível
A SEMANA TEM SETE SONHOS,SALIZETE FREIRE,biblioteca,Disponível
MUNDO PRA QUE TE QUERO,SALIZETE FREIRE,biblioteca,Disponível
TUDO VIRA OUTRA HISTÓRIA,SALIZETE FREIRE,biblioteca,Disponível
RECONTO QUE PASSA,SALIZETE FREIRE,biblioteca,Disponível
BICHO PRA QUE TE QUERO,SALIZETE FREIRE,biblioteca,Disponível
A LUA NO CÉU E ELA NA TERRA,SALIZETE FREIRE,biblioteca,Disponível
A IDADE DA POESIA,SALIZETE FREIRE,biblioteca,Disponível
A MARRECA DE REBECA,JOSÉ DE CASTRO,biblioteca,Disponível
DICIONÁRIO ENGRAÇADO,JOSÉ DE CASTRO,biblioteca,Disponível
A COZINHA DA MARIA-FARINHA,JOSÉ DE CASTRO,biblioteca,Disponível
BRINCADEIRAS POEMANTES,JOSÉ DE CASTRO,biblioteca,Disponível
A CASA DA MINHA AVÓ,MANOEL CAVALCANTE,biblioteca,Disponível
O LIVRO DOS PALAVRÕES,MANOEL CAVALCANTE,biblioteca,Disponível
O MENINO LIVRO,MANOEL CAVALCANTE,biblioteca,Disponível
TÃO PERTO TÃO LONGE,MANOEL CAVALCANTE,biblioteca,Disponível
DORINHA A PEQUENA GIGANTE,MANOEL CAVALCANTE,biblioteca,Disponível
GUERREIROS DO PLANETA,DRIKA DUARTE,biblioteca,Disponível
BICHONÁRIO POÉTICO,PAULA BELMINO,biblioteca,Disponível
NATAL COMO EU TE AMO,ANDREIA REGINA,biblioteca,Disponível
NO TEMPO DA MINHA AVÓ,ADRIANO GOMES,biblioteca,Disponível
CAMARA CASCUDO EM QUADRINHOS,JAIRO CEZAR,biblioteca,Disponível
O NOSSO MUNDO AZUL,FLÁVIA MACHADO,biblioteca,Disponível
A CASA E A VELHA,ADRIANO GOMES,biblioteca,Disponível
AS AVENTURAS DE DORINHA,CLÉCIA SANTOS,biblioteca,Disponível
O PALHAÇO E A BAILARINA,JOSÉ DE CASTRO,biblioteca,Disponível
A PRINCESA MARIBEL,PATACRÚA/LEO CUNHA,biblioteca,Disponível
RESTAURANTE ANIMAL,BLANDINA FRANCO,biblioteca,Disponível
O MENINO E O PARDAL,DANIEL MUNDURUKU,biblioteca,Disponível
FÁBULAS,MONTEIRO LOBATO,biblioteca,Disponível
DIÁRIO DE UM BANANA - SEGURANDO VELA,JEFF KINNEY,biblioteca,Disponível
DIÁRIO DE UMA BANANA - MARÉ DE AZAR,JEFF KINNEY,biblioteca,Disponível
DIÁRIO DE UM BANANA - CAINDO NA ESTRADA,JEFF KINNEY,biblioteca,Disponível
DIÁRIO DE UM BANANA - CASA DOS HORRORES,JEFF KINNEY,biblioteca,Disponível
DIÁRIO DE UM BANANA - A VERDADE NUA E CRUA,JEFF KINNEY,biblioteca,Disponível
DIÁRIO DE UM BANANA - RODRICK É O CARA,JEFF KINNEY,biblioteca,Disponível
DORMINDO FORA,ROWAN MACAULEY,biblioteca,Disponível
TUDO SOBRE WILL,ANDRÉ JOÃO,biblioteca,Disponível
VAMOS PENSAR UM POUCO,MAURÍCIO DE SOUZA,biblioteca,Disponível
KYLIE JEAH - A RAINHA DO MIRTILO,MARCI PESCHKE,biblioteca,Disponível
KYLIE JEAH - A RAINHA DO BASQUETE,MARCI PESCHKE,biblioteca,Disponível
O MENINO QUE ESPIAVA,ANA MARIA MACHADO,biblioteca,Disponível
AS AVENTURAS DE UMA GOTA,SAMUEL MURGEL,biblioteca,Disponível
O  MISTÉRIO DO COELHO PENSANTE,CLARICE LISPECTOR,biblioteca,Disponível
QUEM TEM MEDO DE QUE?,RUTH ROCHA,biblioteca,Disponível
QUERO QUE VOCÊ ME DIGA,ROSINHA,biblioteca,Disponível
POEMAS BRINCANTES,JOSÉ DE CASTRO,biblioteca,Disponível
COM QUE ROUPA IREI A FESTA DO REI?,TINO FREITAS,biblioteca,Disponível
QUEM TEM MEDO DO RIDÍCULO?,RUTH ROCHA,biblioteca,Disponível
MEU AMOR,BEATRICE ALEMAGNA,biblioteca,Disponível
O LIVRO DOS DIFERENTES,MANOEL CAVALCANTE,biblioteca,Disponível
A DANÇA DOS FAMOSOS NO ZOOLÓGICO,MARILÚ DO NASCIMENTO,biblioteca,Disponível
AS CRIANÇAS VÃO FICAR DOIDAS,TINO FREITAS,biblioteca,Disponível
CADÊ MEU TRAVESSEIRO?,ANA MARIA MACHADO,biblioteca,Disponível
CONTROLE REMOTO,TINO FREITAS,biblioteca,Disponível
O CASAMENTO DE EMÍLIA,MONTEIRO LOBATO,biblioteca,Disponível
O CASAMENTO DE NARIZINHO,MONTEIRO LOBATO,biblioteca,Disponível
O REIZINHO MANDÃO,RUTH ROCHA,biblioteca,Disponível
CHAPEUZINHO AMARELO,CHICO BUARQUE,biblioteca,Disponível
O SAPATO DE PABLO,MARCELO JUCÁ,biblioteca,Disponível
OU ISTO OU AQUILO,CECILIA MEIRELES,biblioteca,Disponível
JOÃO TEIMOSO,LUIZ RAUL,biblioteca,Disponível
É MEU! NÃO EMPRESTO!,CLAIRE LLEWELLYN,biblioteca,Disponível
O HOMEM QUE ESPALHOU O DESERTO,IGNÁCIO DE LOYOLA,biblioteca,Disponível
QUE BICHO SERÁ QUE FEZ O BURACO?,ANGELO MACHADO,biblioteca,Disponível
DO TAMANHO DO SEU MUNDO,ADRIANO GOMES,biblioteca,Disponível
O SONHO DO URSINHO ROSA,ROBERTO ALIAGA,biblioteca,Disponível
ATÉ AS PRINCESAS SOLTAM PUM,LILAN BRENMAN,biblioteca,Disponível
A CASA E A VELHA,ADRIANO GOMES,biblioteca,Disponível
UM DOCE DE PRINCESA,SANDRO MARQUES,biblioteca,Disponível
DIÁRIO DO ALVIN,LÍLIAN ÁVILA,biblioteca,Disponível
O MENINO QUE TINHA QUASE TUDO,ROGÉRIO BORGES,biblioteca,Disponível
UMA IDÉIA MALUCA,RENATA FERNANDES,biblioteca,Disponível
HISTÓRIA RIMADAS PARA LER E BRINCAR,ALEXANDRE PARAFITA,biblioteca,Disponível
ALICE VIAJA NAS HISTÓRIAS,GIANNI RODARI,biblioteca,Disponível
A VISITA,ANTJE DAMM,biblioteca,Disponível
O TROMPETISTA,JÚLIA EMÍLIO BRAZ,biblioteca,Disponível
CHÃO DE ESTRELAS,P. ALFA E BETO,biblioteca,Disponível
CADÊ VOCÊ JAMELA?,NIKI DALY,biblioteca,Disponível
HISTÓRIA VIRA-LATA,SYLVIA ORTHOF,biblioteca,Disponível
SE ESSA RUA FOSSE MINHA,FÁTIMA MIGUEZ,biblioteca,Disponível
O CLONE DA VOVÓ,PEDRO ERNESTO,biblioteca,Disponível
O SEGREDO DO ANEL,LAURO HENRIQUE JR.,biblioteca,Disponível
AVENTAL QUE O VENTO LEVA,ANA MARIA MACHADO,biblioteca,Disponível
PALAVRAS PALAVRINHAS E PALAVRÕES,ANA MARIA MACHADO,biblioteca,Disponível
DONA NENÊ E O SUMIÇO DO BRINCO,RITA TARABOLLI,biblioteca,Disponível
LILI INVENTA O MUNDO,MÁRIO QUINTANA,biblioteca,Disponível
A LENDA DO DRAGÃO DOURADO,GISELE BORBA,biblioteca,Disponível
NANANINA NÃO,ALONSO NÚNEZ,biblioteca,Disponível
TOCA DE GENTE - CASA DE BICHO,MAURO MARTINS,biblioteca,Disponível
CADÊ O PINTINHO,MÁRCIA LEITE,biblioteca,Disponível
LÍNGUA DE SOBRA,LEO CUNHA,biblioteca,Disponível
O MENINO MAIS FEIO DO MUNDO,REGINA CHAMLIAN,biblioteca,Disponível
JOÃO CABEÇA DE FEIJÃO,DÁRIO UZAM,biblioteca,Disponível
MEU AMOR,BEATRICE ALEMAGNA,biblioteca,Disponível
COM QUEM ESTAMOS?,LY BARBOSA,biblioteca,Disponível
BELELEU E AS CORES,PATRÍCIO DUGNANI,biblioteca,Disponível
LOLO BARNABÉ,EVA FURNARI,biblioteca,Disponível
POEMAS SAPECAS,RIMAS TRAQUINAS,ALMIR CORREIA,biblioteca
PALAVRAS DE MUITOS CONTOS,NATHALIA DAYSE,biblioteca,Disponível
LADRÃO DE GALINHA,BEATRICE RODRIGUES,biblioteca,Disponível
QUEM QUER TROCAR UM PAR DE PERNAS,MÕNICA REGINA,biblioteca,Disponível
OS HIPOPÓTAMOS,IRIS STERN,biblioteca,Disponível
SE FALA ASSIM NO SERTÃO,MANOEL CAVALCANTE,biblioteca,Disponível
ASSIM ASSADO,EVA FURNARI,biblioteca,Disponível
CARTA DO TESOURO,ANA MIRANDA,biblioteca,Disponível
DRÃOZINHO,MARIA ELISA,biblioteca,Disponível
HOCUS POCUS: UM PAI PRESENTE,KIARA TERRA,biblioteca,Disponível
TRUDI E KIKI,EVA FURNARI,biblioteca,Disponível
SACI URUCUM,ANA GOBEL,biblioteca,Disponível
TRAVESSEIRO TRAVESSO,LUIZ RAUL,biblioteca,Disponível
A MENINA E O CÉU,LEO CUNHA,biblioteca,Disponível
VIVIANA A RAINHA DO PIJAMA,STEVE WEBB,biblioteca,Disponível
BOB ESPONJA - PERDIDOS NO TEMPO,STEVEN BANKS,biblioteca,Disponível
EU QUERIA TER...,GIOVANNA ZOBOLI,biblioteca,Disponível
A PONTE,HEINZ JANISCH,biblioteca,Disponível
FARRA NO QUINTAL,EDITH CHACON,biblioteca,Disponível
A JOANINHA E A JOANETE,MARIÂNGELA GUADAGNIN,biblioteca,Disponível
MANOS MALUCOS 2,ANA MARIA MACHADO,biblioteca,Disponível
DIA DE PINGUIM,VALERI GORBACHEV,biblioteca,Disponível
TARSILA DO AMARAL,ANGELA BRAGA,biblioteca,Disponível
UM JEITO BOM DE BRINCAR,ELIAS JOSE,biblioteca,Disponível
VAMOS BRINCAR DE ESCOLA?,ANA MARIA MACHADO,biblioteca,Disponível
O DESFILE DOS BICHOS,ELIZABETE VIANA,biblioteca,Disponível
O LIVRO DOS TRAVA-LÍNGUAS,ANTÔNIO MOTA,biblioteca,Disponível
PASSARINHO ME CONTOU,ANA MARIA MACHADO,biblioteca,Disponível
O VERÃO DA RAPOSINHA,REBECCA ELLIOTT,biblioteca,Disponível
CONTO POR PONTO,LÚCIA PIMENTEL,biblioteca,Disponível
O COZINHEIRO ATRAPALHADO,SILVIO COSTA,biblioteca,Disponível
MACAQUICE,NYE RIBEIRO,biblioteca,Disponível
ABRASASASPLIM,JOSÉ CARLOS,biblioteca,Disponível
TITA A PLANTA MALDITA,PAULA FERNANDEZ,biblioteca,Disponível
AVÔ DE TODO MUNDO,NYE RIBEIRO,biblioteca,Disponível
BELELEU E OS NÚMEROS,PATRÍCIO DUGNANI,biblioteca,Disponível
LUIZ GONZALGA EM QUADRINHOS INFANTOJUVENIL,SILVIO OSIAS,biblioteca,Disponível
QUEM COCHICA O RABO ESPICHA,JOSÉ DE CASTRO,biblioteca,Disponível
O CASAMENTO DE EMÍLIA,MONTEIRO LOBATO,biblioteca,Disponível
A LAGOA ENCANTADA,FABIANA GUIMARÃES,biblioteca,Disponível
LEOA NÃO TEM JUBA,DENISE MARTINS,biblioteca,Disponível
BREGALIQUES,TATIANA BELINKY,biblioteca,Disponível
MITOS E LENDAS DO BRASIL EM CORDEL,NIREUDA LONGOBARDI,biblioteca,Disponível
QUANDO O LOBO TEM FOME,CHRISTINE NAUMANN,biblioteca,Disponível
AMIGOS,HELME HEINE,biblioteca,Disponível
O QUE ME DISSE O SACI,AURILÊDA SANTOS,biblioteca,Disponível
POR QUE TER MEDO?,MOLLY WIGAND,biblioteca,Disponível
APERTE AQUI,HERVÉ TULLET,biblioteca,Disponível
GODÔ DANÇA,CAROLINA VIGNA-MARÚ,biblioteca,Disponível
MAS POR QUÊ? A HISTÓRIA DE ELVIS,PETER SCHOSSOW,biblioteca,Disponível
CONTO DE ESCOLA,MACHADO DE ASSIS,biblioteca,Disponível
APUKA,MARIA JULIA MALTESE,biblioteca,Disponível
O LIVRO DA MÁKINAS MALUKAS,LUIZ ROBERTO GUEDES,biblioteca,Disponível
O LAÇO COR-DE-ROSA,CARLOS HEITOR CONY,biblioteca,Disponível
EU E O TEMPO,BIA BEDRON,biblioteca,Disponível
SOBRE AS COISAS QUE EU NÃO SEI,DRIKA DUARTE,biblioteca,Disponível
BELELEU,PATRÍCIO DUGNANI,biblioteca,Disponível
BRUNA E A GALINHA D'ANGOLA,GERCILDA DE ALMEIDA,biblioteca,Disponível
VAMOS SABER MAIS SOBRE SEGURANÇA,JINNY JOHNOSON,biblioteca,Disponível
POSSO DORMIR COM VOCÊ,GRAZIELA BOZANO,biblioteca,Disponível
MANIA DE EXPLICAÇÃO,ADRIANA FALCÃO,biblioteca,Disponível
O MENINO E CASCUDINHO - 2 BRASILEIRINHOS FELIZES,KEBER KENNEDY,biblioteca,Disponível
MOLICHA,LUIZ RAUL,biblioteca,Disponível
EU SOU  MUITO PEQUENA PARA A ESCOLA,LAUREN CHILD,biblioteca,Disponível
VAMOS SABER MAIS SOBRE ECONOMIZAR ÁGUA E ENERGIA,PHILIP STEELE,biblioteca,Disponível
COMO ISSO SERIA SE ASSIM NÃO FOSSE,MANO KLEBER,biblioteca,Disponível
PRENDENDOR DE SONHOS,JOÃO ANZANELLO,biblioteca,Disponível
O QUE É O QUE É?,DENISE CACCESE,biblioteca,Disponível
SAIA DESSA MANO PIRA,YÊDA MARQUEZ,biblioteca,Disponível
ANIMAIS,INGRID BIESEMEYER,biblioteca,Disponível
O SUSTO,MARY FRANÇA,biblioteca,Disponível
O LOBO NÃO MORDE,EMILY GRAVETT,biblioteca,Disponível
CHEGA DE ESTRESSE,MICHAELENE MUNDY,biblioteca,Disponível
NA HORA QUE O GALO CHAMA,MARIA AUGUSTA,biblioteca,Disponível
VAMOS SABER MAIS SOBRE HIGIENE E SAÚDE,DEBORAH CHACELLOR,biblioteca,Disponível
VAMOS SABER MAIS SOBRE ALIMENTAÇÃO SAUDÁVEL,DEBORAH CHACELLOR,biblioteca,Disponível
VIDA DE BONECA,LUCIANA RIGUEIRA,biblioteca,Disponível
SABE ONDE A BOLA FOI PARAR?,ELZA CESAR SALLUT,biblioteca,Disponível
DOM RATÃO O REI DA CONFUSÃO,ELISABETE VIANA,biblioteca,Disponível
O MENINO E O PARDAL,DANIEL MUNDURUKU,biblioteca,Disponível
O GRANDE E MARAVILHOSO LIVRO DAS FAMÍLIAS,MARY HOFFMAN,biblioteca,Disponível
O DESFILE DOS BICHOS,ELISABETE VIANA,biblioteca,Disponível
SERTÃO MENINO,KLÉVISSON VIANA,biblioteca,Disponível
O PRÍNCIPE E O MENINO,MARK TWAIN,biblioteca,Disponível
PÉ DE IMAGINAÇÃO,AMÁLIA SIMONETH,biblioteca,Disponível
UM COLO PARA AIAZINHA,SALIZETE SOARES,biblioteca,Disponível
O LOBO,GRAZIELA BOZANO,biblioteca,Disponível
O PEQUENO BAOBÁ,ANDRÉ LUIZ OLIVEIRA,biblioteca,Disponível
DORME MENINO DORME,LAURA HERRERA,biblioteca,Disponível
CIRANDA ENTREMELADAS,ELVIRA DRUMMOND,biblioteca,Disponível
MAMÃE ESTÁ CANSADA,VANESSA BARBARA,biblioteca,Disponível
ERA UMA VEZ UM CÃO,ADÉLIA CARVALHO,biblioteca,Disponível
VICENTE SEM DENTE,PEDRO KASTELIC,biblioteca,Disponível
EU,MENENA COTTIN,biblioteca,Disponível
UMA JANELA SORRIDENTE,ELIZABETH DEN JÚLIO,biblioteca,Disponível
MAMÃO MELÂNCIA TECIDO E POESIA,FÁBIO SOMBRA,biblioteca,Disponível
O GALO DE BOTAS,JÉSSICA SBORZ,biblioteca,Disponível
ESTRADINHA REAL,CECÍLIA CAVALIERI FRANÇA,biblioteca,Disponível
AR PRA QUE SERVE O AR?,ANNA CLAUDIA RAMOS,biblioteca,Disponível
O CIRCO,MANOEL CAVALCANTE,biblioteca,Disponível
VOVÔ FOI VIAJAR,MAURÍCIO VENEZA,biblioteca,Disponível
CONTOS DE ANDERSEN - O PATINHO FEIO E OUTRAS HISTÓRIAS,WALCYR CARRASCO,biblioteca,Disponível
COM QUE ROUPA IREI A FESTA DO REI?,TINO FREITAS,biblioteca,Disponível
A MENINA O COFRINHO E A VOVÓ,CORA CORALINA,biblioteca,Disponível
O HOMEM DE ÁGUA E SUA FONTE,IVO ROSATI,biblioteca,Disponível
CAFÉ COM PÃO BOLACHA NÃO,MARCELO FRANCO E SOUZA,biblioteca,Disponível
ÉRICA E OS GIRASSÓIS,JAMES MAYHEW,biblioteca,Disponível
TRUQUE COLORIDO,BRANCA MARIA DE PAULA,biblioteca,Disponível
CADA FAMÍLIA É DE UM JEITO,ALINE ABREU,biblioteca,Disponível
TODO MUNDO É IGUAL: CONVERSANDO SOBRE RACISMO,IVAN ALCÂNTRA,biblioteca,Disponível
LAÍS A FOFINHA,WALCYR CARRASCO,biblioteca,Disponível
DA CUCA LELÉ AOS REPOLHINHOS DE BRUXELAS,KALUNGA,biblioteca,Disponível
PIPAROTES DE POESIAS,FLÁVIA SAVARY,biblioteca,Disponível
MANHÃ DE SOL,SULAMITA COELHO AMARAL,biblioteca,Disponível
O TESOURO PERDIDO DO GIGANTE GIGANTESCO,EDSON GABRIEL GARCIA,biblioteca,Disponível
DIÁRIO DO ALVIN: MAMÃE SE CASOU DE NOVO,LILIAN ÁVILA,biblioteca,Disponível
TUDO VIRA OUTRA HISTÓRIA,SALIZETE FREIRE SOARES,biblioteca,Disponível
FORTUNA,CLAÚDIO MARTINS,biblioteca,Disponível
JOÃO E MARIA DO ENGENHO,ANA CLAÚDIA TRIGUEIRO,biblioteca,Disponível
A LUA,RENATA BUENO,biblioteca,Disponível
DIÁLOGO OU A VACA QUE NÃO FOI PRO BREJO,MÔNICA VERSIANI,biblioteca,Disponível
NA JANELA DO TREM,LÚCIA HIRATSUKA,biblioteca,Disponível
E SE EU SENTIR...RAIVA,PALOMA BLANCA,biblioteca,Disponível
TRAVESSEIRO TRAVESSO,LUIZ RAUL MACHADO,biblioteca,Disponível
O MUNDO INTEIRO,LIZ GARTON SCANLON,biblioteca,Disponível
UM PASSEIO NO PASSADO,DEP. NACIONAL DE TRANSITO,biblioteca,Disponível
BETO E BIA EM NÃO PODE,NÃO,GEOFFREY HAYES,biblioteca
HORA DE BRINCAR,ANA CLAÚDIA RAMOS,biblioteca,Disponível
AI QUE MEDO DE HOSPITAL,SIMONE ROCHA,biblioteca,Disponível
PINGA PINGO PINGADO,ALICE LUTTEMBARCK,biblioteca,Disponível
RUIVÃO O LOBO BOM,ELOI ZANETTI,biblioteca,Disponível
A JARARACA A PERERECA E A TIRIRICA,ANA MARIA MACHADO,biblioteca,Disponível
SE EU FOSSE MUITO MAGRINHO,ANTÔNIO MOTA,biblioteca,Disponível
O MENINO MALUQUINHO,ZIRALDO,biblioteca,Disponível
OS HAI-KAIS DO MENINO MALUQUINHO,ZIRALDO,biblioteca,Disponível
GRANDE JUNIM,ZIRALDO,biblioteca,Disponível
OS HOSPEDES DA BRUXA ONILDA,ROSER CAPDEVILA,biblioteca,Disponível
AS MEMÓRIAS DA BRUXA ONILDA,ROSER CAPDEVILA,biblioteca,Disponível
O AMIGO DA BRUXINHA,EVA FURNARI,biblioteca,Disponível
A BRUXINHA E O GODOFREDO,EVA FURNARI,biblioteca,Disponível
UXA ORA FADA ORA BRUXA,SYLVIA ORTHOF,biblioteca,Disponível
O MEDINHO E O MEDÃO,LUCINA MARIA,biblioteca,Disponível
O FILHO DA BRUXA,MÁRCIA KUPSTAS,biblioteca,Disponível
A BRUXA E O ESPANTALHO,GABRIEL PACHECO,biblioteca,Disponível
PAI CONECTADO,PHILPPE DE KEMMETER,biblioteca,Disponível
O GULOSO,LILIAN SYPRIANO,biblioteca,Disponível
O MENINO DO DINHEIRO EM CORDEL,REINADO DOMINGOS,biblioteca,Disponível
MARIA MUDANÇA,MANUEL FILHO,biblioteca,Disponível
MARLEY O CÃOZINHO TRAPALHÃO,JOHN GROGAN,biblioteca,Disponível
TRINCA TROVA,CIÇA,biblioteca,Disponível
OTÁVIO NÃO PE PORCO-ESPINHO,JEAN-CLAUDE,biblioteca,Disponível
GARRANCHOS,FRANCISCO MARQUES,biblioteca,Disponível
POCOTÓ,SILVANA RANDO,biblioteca,Disponível
A AVÓ DOS DINOSSAUROS,TONIO CARVALHO,biblioteca,Disponível
BOLA VERMELHA,VANINA STARKOFF,biblioteca,Disponível
VOVÔ É UM SUPER-HEROI,FERNANDO AGUZZOLI,biblioteca,Disponível
DEZ CASAS EM UM POSTE QUE PEDRO FEZ,HERMES BERNARDI JR.,biblioteca,Disponível
A MENINA QUE NÃO TINHA MEDO DE NADA,TONIO CARVALHO,biblioteca,Disponível
A VISITA,ANTJE DAMM,biblioteca,Disponível
A ORQUESTRA DA LUA CHEIA,JENS RASSMUS,biblioteca,Disponível
ASAS DO JOEL,WALCYR CARRASCO,biblioteca,Disponível
A CIGARRA E AS FORMIGAS,GABRIELA VASCONCELOS,biblioteca,Disponível
JARDINS DE MENINO POETA,MARIA VALÉRIA REZENDE,biblioteca,Disponível
A ESCOLA DE DORINHA,MANOEL CAVALCANTE,biblioteca,Disponível
BICHOS E BICHOUTROS,GISELA CASTRO,biblioteca,Disponível
POR QUE OS GÊMEOS SÃO TÃO IGUAIS,CARMEN GIL,biblioteca,Disponível
FÁBULA DE ESOPO,RUTH ROCHA,biblioteca,Disponível
AS AVENTURAS DE DORINHA,CLÉCIA SANTOS,biblioteca,Disponível
TUCA E NOSSO MUNDO AZUL,FLÁVIA MACHADO,biblioteca,Disponível
CÂMARA CASCUDO EM QUADRINHOS,JAIRO CEZAR,biblioteca,Disponível
NO TEMPO DA MINHA AVÓ,ADRIANO GOMES,biblioteca,Disponível
NATAL COMO EU TE AMO,ANDREIA REGINA,biblioteca,Disponível
BICHONÁRIO POÉTICO,PAULA BELMIRO,biblioteca,Disponível
GUERREIROS DO PLANETA - OS ELEMENTOS,DRIKA DUARTE,biblioteca,Disponível
MEMÓRIAS DE EMÍLIA,MONTEIRO LOBATO,biblioteca,Disponível
FACÉCIAS - CONTOS POPULARES DIVERTIDOS,LUÍS DA CÂMARA CASCUDO,biblioteca,Disponível
AUGUSTO SEVERO - O HOMEM QUE SONHOU VOAR,ANGELA ALMEIDA,biblioteca,Disponível
ROBIN HOOD - A LENDA DA LIBERDADE,PEDRO BANDEIRA,biblioteca,Disponível
A BELA E A FERA,RUI DE OLIVEIRA,biblioteca,Disponível
CONTOS DE ENCANTAMENTOS: O MARIDO DA MÃE D´ÁGUA E A PRINCESA E O GIGANTE,LUÍS DA CÂMARA CASCUDO,biblioteca,Disponível
CONTOS DE ENCANTAMENTOS: O PAPAGAIO REAL,LUÍS DA CÂMARA CASCUDO,biblioteca,Disponível
ALMANAQUE DA MÔNICA N65,MAURÍCIO DE SOUZA,biblioteca,Disponível
CEBOLINHA: CINEMINHA 3D LÁ NA MINHA CASA,MAURÍCIO DE SOUZA,biblioteca,Disponível
CEBOLINHA: ESSE ANIVERSÁRIO É O BICHO,MAURÍCIO DE SOUZA,biblioteca,Disponível
TURMA DA MÔNICA: UM POR TODOS,TODOS POR UM,MAURÍCIO DE SOUZA,biblioteca
ALMANAQUE DO CHICO BENTO N81,MAURÍCIO DE SOUZA,biblioteca,Disponível
TURMA DA MÔNICA: SURPRESA PARA O CEBOLINHA,MAURÍCIO DE SOUZA,biblioteca,Disponível
CHICO BENTO: A INCRÍVEL HISTÓRIA DA ONÇA,MAURÍCIO DE SOUZA,biblioteca,Disponível
CHICO BENTO: MAGNETICHICO,MAURÍCIO DE SOUZA,biblioteca,Disponível
CASCÃO: ESTE NATAL SERÁ SUPER,MAURÍCIO DE SOUZA,biblioteca,Disponível
CHICO BENTO: O RIO DA VIDA,MAURÍCIO DE SOUZA,biblioteca,Disponível
MÔNICA N236,MAURÍCIO DE SOUZA,biblioteca,Disponível
CASCÃO: MAURÍCIO POR UM DIA,MAURÍCIO DE SOUZA,biblioteca,Disponível
MAGALI: A INVASÃO DOS BESOUROS,MAURÍCIO DE SOUZA,biblioteca,Disponível
TURMA DA MÔNICA: BRINCANDO COM AS VOGAIS,MAURÍCIO DE SOUZA,biblioteca,Disponível
TURMA DA MÔNICA: HARMONIA NO TRANSITO,MAURÍCIO DE SOUZA,biblioteca,Disponível
MÔNICA: OS AMIGUINHOS DO PÓ DE PIRILAMPO,MAURÍCIO DE SOUZA,biblioteca,Disponível
CASCÃO: O IMPLACÁVEL PAGA-MICO,MAURÍCIO DE SOUZA,biblioteca,Disponível
CHICO BENTO: O MENINO QUE ERA TODOS OS ANIMAIS,MAURÍCIO DE SOUZA,biblioteca,Disponível
CHICO BENTO: MUITO IMPRESSIONADO,MAURÍCIO DE SOUZA,biblioteca,Disponível
MAGALI: EI! TEM UM GATO NO MEU COMPUTADOR,MAURÍCIO DE SOUZA,biblioteca,Disponível
TURMA DA MÔNICA: CINEGIBI N5,MAURÍCIO DE SOUZA,biblioteca,Disponível
CASCÃO: COLETA DE LIXO,MAURÍCIO DE SOUZA,biblioteca,Disponível
MÔNICA: A DISPUTA DA TOCHA,MAURÍCIO DE SOUZA,biblioteca,Disponível
PATO DONALD: O REINO DE NEVE,TERJE NORDBERG,biblioteca,Disponível
CHICO BENTO N 316,MAURÍCIO DE SOUZA,biblioteca,Disponível
CEBOLINHA: AQUELA COISINHA CHAMADA CONSCIÊNCIA,MAURÍCIO DE SOUZA,biblioteca,Disponível
CASCÃO: UM AMIGO DE PRESENTE DE ANIVERSÁRIO,MAURÍCIO DE SOUZA,biblioteca,Disponível
MÔNICA: A PIOR TEMPESTADE DO MUNDO,MAURÍCIO DE SOUZA,biblioteca,Disponível
CHICO BENTO: GINCANA DE PRENDAS,MAURÍCIO DE SOUZA,biblioteca,Disponível
MAGALI N99,MAURÍCIO DE SOUZA,biblioteca,Disponível
ANINHA N2,ANA MARIA BRAGA,biblioteca,Disponível
RONALDINHO GAÚCHO: MELHORES AMIGOS,MAURÍCIO DE SOUZA,biblioteca,Disponível
CASCÃO: É BRINCADEIRA,MAURÍCIO DE SOUZA,biblioteca,Disponível
ALMANAQUE PITECO E HORÁCIO N3,MAURÍCIO DE SOUZA,biblioteca,Disponível
RONALDINHO GAÚCHO: AQUELA COISA QUE VEIO DO ESPAÇO,MAURÍCIO DE SOUZA,biblioteca,Disponível
MÔNICA: UM MUNDO PERFEITO,MAURÍCIO DE SOUZA,biblioteca,Disponível
MÔNICA: A GUARDA DOS COELHOS,MAURÍCIO DE SOUZA,biblioteca,Disponível
CASCÃO: MEDO DE ÁGUA,MAURÍCIO DE SOUZA,biblioteca,Disponível
TURMA DA MÔNICA CONHECENDO OS NÚMEROS,MAURÍCIO DE SOUZA,biblioteca,Disponível
CEBOLINHA: O MIRABOLANTE PLANO CACHORRÃO,MAURÍCIO DE SOUZA,biblioteca,Disponível
TURMA DA MÔNICA AS CORES DOS AMIGOS,MAURÍCIO DE SOUZA,biblioteca,Disponível
ALMANAQUE DA MAGALI N61,MAURÍCIO DE SOUZA,biblioteca,Disponível
MÔNICA: BONS MODOS,MONICÃO,MAURÍCIO DE SOUZA,biblioteca
ALMANAQUE CEBOLINHA N35,MAURÍCIO DE SOUZA,biblioteca,Disponível
ALMANAQUE ZÉ CARIOCA: COMPRA-SE PAPEL VELHO,ARTUR FARIA,biblioteca,Disponível
MAGALI CONTA UM CONTO PARA O DUDU,MAURÍCIO DE SOUZA,biblioteca,Disponível
ALMANAQUE MÔNICA N50,MAURÍCIO DE SOUZA,biblioteca,Disponível
MAGALI: PLANTE UMA ÁRVORE AQUI,MAURÍCIO DE SOUZA,biblioteca,Disponível
CASCÃO PAI HERÓI,MAURÍCIO DE SOUZA,biblioteca,Disponível
MAGALI: A MENINA-ABELHA,MAURÍCIO DE SOUZA,biblioteca,Disponível
MAGALI: O SONHO DE UM NATAL FELIZ,MUITO FELIZ,MAURÍCIO DE SOUZA,biblioteca
MAGALI: A LHAMA DE FOGO,MAURÍCIO DE SOUZA,biblioteca,Disponível
MAGALI: A PRINCESA MIMADA E O BOLO DE ANIVERSÁRIO,MAURÍCIO DE SOUZA,biblioteca,Disponível
CEBOLINHA N76,MAURÍCIO DE SOUZA,biblioteca,Disponível
MÔNICA: A COZINHA NOVA DE MÔNICA,MAURÍCIO DE SOUZA,biblioteca,Disponível
MAGALI: QUINZINHO O GATINHO,MAURÍCIO DE SOUZA,biblioteca,Disponível
ALMANAQUE DA MAGALI N49,MAURÍCIO DE SOUZA,biblioteca,Disponível
MÔNICA N85,MAURÍCIO DE SOUZA,biblioteca,Disponível
CEBOLINHA: O DIA EM QUE O CEBOLINHA DERROTOU A MÔNICA,MAURÍCIO DE SOUZA,biblioteca,Disponível
QUANDO EU ERA PEQUENA,ADÉLIA PRADO,biblioteca,Disponível
E SE EU SENTIR...TRISTEZA,PALOMA BLANCA,biblioteca,Disponível
NÃO CONFUNDA,EVA FURNARI,biblioteca,Disponível
LOROTAS E FOFOCAS,NEY RIBEIRO,biblioteca,Disponível
A TURMA DO PERERÊ,ZIRALDO,biblioteca,Disponível
TAL PAI TAL FILHO,GEORGINA MARTINS,biblioteca,Disponível
O CASTELO,ALEKSEI TOLSTÓI,biblioteca,Disponível
ALBERTO DO SONHO AO VOO,JOSÉ ROBERTO LUCHETTI,biblioteca,Disponível
O VESTIDO LUMINOSO DA PRINCESA,IVAN ANGELO,biblioteca,Disponível
O LIVRO DOS TUTUS,BLANDINA FRANCO,biblioteca,Disponível
A MENINA QUE NÃO TINHA MEDO DE NADA,TONIO CARVALHO,biblioteca,Disponível
O CASO DO VASO,TATIANA BELINKY,biblioteca,Disponível
MALUQUICES MUSICAIS E OUTROS POEMAS,JOSÉ SANTOS,biblioteca,Disponível
UMA LETRA PUXA A OUTRA,JOSÉ DE PAULO PAES,biblioteca,Disponível
PRA BRINCAR,MANUEL BANDEIRA,biblioteca,Disponível
HISTÓRIAS DE CONTAR,ANA PAULA PEROVAMO,biblioteca,Disponível
FULUSTRECA,LUIZ RAUL MACHADO,biblioteca,Disponível
ABRACADABRA,SIMONE GOH,biblioteca,Disponível
ÁRVORE,JOÃO PROTETI,biblioteca,Disponível
A MINHOCA DORMINHOCA EM APUROS,DANIELA WEIL,biblioteca,Disponível
A PEDRA DO CONHECIMENTO,SÉRGIO NAPP,biblioteca,Disponível
CIGAMIGA/FORMIGARRA,GLÓRIA KIRINUS,biblioteca,Disponível
O TAMANHO DA GENTE,MURILO CISALPINO,biblioteca,Disponível
CHAPEUZINHO DE COURO,AGOSTINHO ORNELLAS,biblioteca,Disponível
PÉ DE UVA MÃO DE MENINO,ROBERTA ASSE,biblioteca,Disponível
TRAVA-LÍNGUA QUEBRA-QUEIXO REMA-REMA REMELEXO,ALMIR CORREIA,biblioteca,Disponível
O URSO A GANSE E O LEÃO,ANA MARIA MACHADO,biblioteca,Disponível
MÔNICA N240,MAURÍCIO DE SOUZA,biblioteca,Disponível
A PERVERSA AMBIÇÃO POR UM REINO,MARCOS CARLOS,biblioteca,Disponível
QUEM TEM MEDO DO RIDÍCULO?,RUTH ROCHA,biblioteca,Disponível
AQUI SÓ NÃO VOA QUEM NÃO QUER,AURIMAR PACHECO E ELISANDRA DE OLIVEIRA,biblioteca,Disponível
BEM-VINDOS À CASA DA NEBLINA,LINO DE ALBERGARIA,biblioteca,Disponível
MEIA PALAVRA NÃO BASTA,MAURÍCIO VENEZA,biblioteca,Disponível
A CORAGEM DAS COISAS SIMPLES,STELLA MARIS REZENDE,biblioteca,Disponível
A PONTE,ELIANDRO ROCHA,biblioteca,Disponível
SAFIA A ANDORINHA,ALMUDENA TABOADA,biblioteca,Disponível
GATINHO LEVADO,ADAM STOWER,biblioteca,Disponível
A BOLA DOURADA,NICOLE DE COCK,biblioteca,Disponível
GABI PERDI A HORA!,JOÃO BASÍLIO,biblioteca,Disponível
ABRAÇO DE PELÚCIA E MAIS POEMAS,MARTA LAGARTA,biblioteca,Disponível
MIL E UMA ESTRELAS,MARILDA CASTANHA,biblioteca,Disponível
O MONSTRO (NEM TÃO MONSTRUOSO) E O MENINO JOÃO,JOÃO PINHEIRO,biblioteca,Disponível
RUAS QUANTAS RUAS!,COSELL LENZI,biblioteca,Disponível
TAPETE VOADOR,CAULOS,biblioteca,Disponível
A ÁRVORE DOS SAPATOS,EMÍLIA LANG,biblioteca,Disponível
ALÔ MAMÃE,ALICE HORN,biblioteca,Disponível
CADÊ O DOCINHO QUE ESTAVA AQUI,MARIA ANGELA RESENDE,biblioteca,Disponível
ÁGUAS,LIBÉRIO NEVES,biblioteca,Disponível
ALICE VÊ,SONIA ROSA,biblioteca,Disponível
O VELHO O MENINO E O BURRO,LA FONTAINE,biblioteca,Disponível
BELELÉU E AS CORES,PATRÍCIO DUGNANI,biblioteca,Disponível
O JUMENTINHO ABEL,JANIA SOUZA,biblioteca,Disponível
PRETA PARDA E PINTADA,HELENA GOMES,biblioteca,Disponível
RESTAURANTE ANIMAL,BLANDINA FRANCO,biblioteca,Disponível
AS COISAS QUE A GENTE FALA,RUTH ROCHA,biblioteca,Disponível
POR QUE OS GATOS NÃO USAM CHAPÉU,VICTÓRIA PÉREZ ESCRIVÁ,biblioteca,Disponível
CADÊ O SUPER-HERÓI?,WALCYR CARRASCO,biblioteca,Disponível
UM FILHOTE MUITO ESTRANHO ...,VÂNIA CHAVES,biblioteca,Disponível
ASSIM ASSADO,EVA FURNARI,biblioteca,Disponível
A RAINHA DA NEVE,EUNICE BRAIDO,biblioteca,Disponível
VI UM BICHO GENIAL LÁ NO FUNDO DO QUINTAL,SYLVIA ROESCH,biblioteca,Disponível
GIROS CONTOS DE ENCANTAR,MILA BEHRENDT,biblioteca,Disponível
AS COISAS BOA DO ANO,TATIANA BELINKY,biblioteca,Disponível
O TORÓ,REGINA SIGUEMOTO,biblioteca,Disponível
MEU LUGAR NO MUNDO,SULAMY KATY,biblioteca,Disponível
EXERCÍCIOS DE SER CRIANÇA,MANOEL DE BARROS,biblioteca,Disponível
PONTO DE TECER POESIA,SYLVIA ORTHOF,biblioteca,Disponível
BARULHO DEMAIS,MAX VELTHUIJS,biblioteca,Disponível
TERRA COSTURADA COM ÁGUA,LÚCIA HIRATSUKA,biblioteca,Disponível
É TUDO INVENÇÃO,RICARDO SILVESTRIA,biblioteca,Disponível
CHAPEUZINHO VERMELHO E AS CORES,ANGELO ABU,biblioteca,Disponível
OS SALTIMBANCOS,CHICO BUARQUE,biblioteca,Disponível
LONGE PERTO DO RIO,LÚCIA HIRATSUKA,biblioteca,Disponível
QUEM MANDA AQUI SOU EU,SÔNIA TRAVASSOS,biblioteca,Disponível
QUANDO O SÁBIA CANTA NOSSOS MALES ESPANTA,FÁTIMA MIGUEZ,biblioteca,Disponível
O COELHINHO QUE NÃO ERA DE PÁSCOA,RUTH ROCHA,biblioteca,Disponível
JOANA D'ARC,MARK TWAIN,biblioteca,Disponível
A QUARTA-FEIRA DE JONAS,SOCORRO ACIOLI,biblioteca,Disponível
MAYA E SELOU,LARA MEANA,biblioteca,Disponível
POCOTÓ,SILVANA RANDO,biblioteca,Disponível
O LIVRO QUE LÊ GENTE,ALEXANDRE DE CASTRO,biblioteca,Disponível
AS TRÊS MAÇÃS DE OURO,ORÍGENES LESSA,biblioteca,Disponível
O MOÇO DO CORREIO E A MOÇA DA CASA DE TIJOLINHO,RICARDO AZEVEDO,biblioteca,Disponível
CADA UM TEM A SUA PARTE,IVAN ALCÂNTRA,biblioteca,Disponível
CADÊ A LINHA QUE ESTAVA AQUI,GISELA CASTRO ALVES,biblioteca,Disponível
O QUE ESPALHOU O DESERTO,IGNÁCIO DE LOYOLA,biblioteca,Disponível
BOLHA DE EMOÇÃO MEIA NA ÁGUA E SABÃO,RENATA ADRIÃO,biblioteca,Disponível
O PATO POLIGLOTA,RONALDO SIMÕES COELHO,biblioteca,Disponível
PALAVRAS MUITAS PALAVRAS,RUTH ROCHA,biblioteca,Disponível
NÃO CONFUNDA,EVA FURNARI,biblioteca,Disponível
AS ENCRENCAS DE ZÉ TRELELÉ: TRÊS HISTÓRIAS SOBRE ECOLOGIA,ROSA AYRES,biblioteca,Disponível
TEM HISTÓRIAS NAS CARTAS DE MARISA,MÔNICA STAHEL,biblioteca,Disponível
O SAPATO QUE MIAVA,SYLVIA ORTHOF,biblioteca,Disponível
O MENINO QUE PERDIA AS PALAVRAS,LAÉRCIO FURQUIM,biblioteca,Disponível
ASSIM COMO VOCÊ,GUIDO VAN GENECHTEN,biblioteca,Disponível
CINCO GIRAFAS NO ESPAÇO,CAIO RITER,biblioteca,Disponível
OMBELA: A ORIGEM DAS CHUVAS,ONDJAKI,biblioteca,Disponível
A ONÇA DOLORES E O BODE QUIRINO,ZECO HOMEM DE MONTES,biblioteca,Disponível
TITINA E A FADA DO SONHOS,JUNIOR DALBERTO,biblioteca,Disponível
SALVEM AS ESPÉCIES EM EXTINÇÃO,JOSEP PALAU,biblioteca,Disponível
CLARO CLEUSA CLARO CLÓVIS,RAQUEL MATSUSHITA,biblioteca,Disponível
O BICHO-MEDO E SEUS SEGREDOS,ELIANE PIMENTA,biblioteca,Disponível
DE DOIS EM DOIS,RENATA SANT'ANNA,biblioteca,Disponível
AVÓ DOS DINOSSAUROS,TONI CARVALHO,biblioteca,Disponível
TURMA DO UTILIXO,NELY A. GUERNELLI,biblioteca,Disponível
MUTTS OS VIRA-LATAS,PATRICK MCDONNELL,biblioteca,Disponível
AMARÍLIS,EVA FURNARI,biblioteca,Disponível
ESCRITA: UMA GRANDE INVENÇÃO,SILVANA COSTA,biblioteca,Disponível
SETE HISTÓRIAS PARA SACUDIR O ESQUELETO,ANGELA-LAGO,biblioteca,Disponível
BOLOTA,IRAY GALVÃO,biblioteca,Disponível
CADERNO DE RIMAS DO JOÃO,LÁZARO RAMOS,biblioteca,Disponível
TANTO TANTO!,TRISH COOKE,biblioteca,Disponível
AMORAS,EMICIDA,biblioteca,Disponível
A MENINA QUE ENGOLIU O MUNDO,FÊ,biblioteca,Disponível
BETINA,NILMA LINO,biblioteca,Disponível
EUZÉBIA ZANZA,CAMILA FILLINGER,biblioteca,Disponível
O MARIBONDO DO QUILOMBO,HELOISA PIRES,biblioteca,Disponível
RAPUNZEL E O QUIBUNGO,RONALDO SIMÃO,biblioteca,Disponível
OS TRÊS PRESENTES MÁGICOS,ROGÉRIO ANDRADE,biblioteca,Disponível
O QUE HÁ DE ÁFRICA EM NÓS,WLAMYRA ALBUQUERQUE,biblioteca,Disponível
A LENDA DO PEMBA,MÁRCIA REGINA,biblioteca,Disponível
PRINCESA ARABELA,MYLO FREEMAN,biblioteca,Disponível
O QUE TEM NA PANELA JAMELA?,NIKI DALY,biblioteca,Disponível
IRMÃ-ESTRELA,ALAIN MABANCKOU,biblioteca,Disponível
BOLA VERMELHA,VANINA STARKOFF,biblioteca,Disponível
O MENINO QUE COMIA LAGARTO,MERCÊ LÓPEZ,biblioteca,Disponível
MARTIN E ROSA,MARTIN LUTHER KING,biblioteca,Disponível
JOÃOZINHO E MARIA,CRISTINA AGOSTINHO,biblioteca,Disponível
LILA E O SEGREDO DA CHUVA,DAVID CONWAY,biblioteca,Disponível
TOINHOINHÓINS,FERNANDA SUAIDEN,biblioteca,Disponível
PRETINHA DE NEVE E OS 7 GIGANTES,RUBEM FILHO,biblioteca,Disponível
SEIS PEQUENOS CONTOS AFRICANOS,RAUL LODY,biblioteca,Disponível
O CASAMENTO DA PRINCESA,CELSO SISTO,biblioteca,Disponível
NINA ÁFRICA,LENICE GOMES,biblioteca,Disponível
O CABELO DE LELÊ,VALÉRIA BELÉM,biblioteca,Disponível
AQUI E AQUI,CAIO ZERO,biblioteca,Disponível
CHAPEUZINHO SERTANEJO,ISABEL CRISTINA,biblioteca,Disponível
CRIANÇAS NEGRAS,JOANA GABRIELA,biblioteca,Disponível
BONITO É SE GOSTAR,DRIKA DUARTE,biblioteca,Disponível
CONTRA FEITIÇO,ELOÍ ELIZABET,biblioteca,Disponível
POESIA NA VARANDA,SONIA JUNQUEIRA,biblioteca,Disponível
O DIA EM QUE OS PALHAÇOS CHORARAM,JOSÉ LUIZ MAZZARO,biblioteca,Disponível
BRINQUEDOS E BRINCADEIRAS,NEREIDE SCHILANO,biblioteca,Disponível
KABÁ DAREBU,DANIEL MUNDURUKU,biblioteca,Disponível
RINOCERONTES NÃO COMEM PANQUECAS,ANNA KEMP,biblioteca,Disponível
A FADA QUE TINHA IDÉIAS,FERNANDA LOPES,biblioteca,Disponível
MAIS RESPEITO EU SOU CRIANÇA,PEDRO BANDEIRA,biblioteca,Disponível
POR ENQUANTO EU SOU PEQUENO,PEDRO BANDEIRA,biblioteca,Disponível
O QUE É QUE NÃO É?,CESAR CARDOSO,biblioteca,Disponível
LÉ COM CRÉ,JOSÉ PAULO,biblioteca,Disponível
O FANTÁSTICO MISTÉRIO DE FEIRINHA,PEDRO BANDEIRA,biblioteca,Disponível
JOÃO E MARIA DE BARRO,LUIZ ANTÔNIO AGUIAR,biblioteca,Disponível
AS LATINHAS TAMBÉM AMAN,JULIETA DE GODOY,biblioteca,Disponível
AS FANTÁSTICOS LIVROS VOADORES,WILLIAM JOICE,biblioteca,Disponível
O GATO E A PEDRA,FERNANDA PIRES,biblioteca,Disponível
ABRE ALAS QUE EU QUERO PASSAR,NEWTON FOOT,biblioteca,Disponível
A SÁBIA SABIÁ,EUGÊNIO BRITO,biblioteca,Disponível
FILÓ E MARIETA,EVA FURNARI,biblioteca,Disponível
A VOLTA AO MUNDO EM 80 DIAS,JULES VERNE,biblioteca,Disponível
A ESCOLHA DE BOB,LETIENE PESSOA,biblioteca,Disponível
O PEIXINHO DO SÃO FRANCISCO,LUIZ PIMENTEL,biblioteca,Disponível
KROKÔ E GALINHOLA,MATÉ,biblioteca,Disponível
O FAZEDOR DE AMANHECER,MANOEL DE BARROS,biblioteca,Disponível
MEDO,CLARA CAVILAN,biblioteca,Disponível
QUANDO VOCÊ NÃO ESTÁ AQUI,MARIA HERGUETA,biblioteca,Disponível
AS CORES,JORGE LUJÁN,biblioteca,Disponível
HISTÓRIAS DO MAR,JAMES RIORDAN,biblioteca,Disponível
CONTO DE DESENCONTRO,ROBERTA ASSE,biblioteca,Disponível
UMA ANDORINHA SÓ,LUCIANO PONTES,biblioteca,Disponível
SOFIA A ANDORINHA,ALMUDENA TABOADA,biblioteca,Disponível
ERA UMA VEZ ...,CACAU VILARDO,biblioteca,Disponível
ALICE NO PAÍS DAS MARAVILHAS,LEWIS CARROLL,biblioteca,Disponível
PLANTAS,SUELI ÂNGELO FURLAN,biblioteca,Disponível
A FIANDEIRA DE OURO,SONIA JUNQUEIRA,biblioteca,Disponível
CLASSIFICADOR POÉTICOS,ROSEANA MURRAY,biblioteca,Disponível
EM BOCA FECHADA NÃO ENTRA MOSCA,FÁTIMA MIGUEZ,biblioteca,Disponível
HISTÓRIAS DE MÃE KALU BRASIL-ÁFRICA,WILSON MARQUEZ,biblioteca,Disponível
UM TIGRE DOIS TIGRES TRÊS TIGRES,NEUSA PINSARD,biblioteca,Disponível
ERNESTO,BLANDINA FRANCO,biblioteca,Disponível
DE BICHOS E NÃO SÓ,BARTOLOMEU CAMPOS,biblioteca,Disponível
ERA UMA VEZ UMA BOTA,LIA ZATZ,biblioteca,Disponível
PASSARINHO ME CONTOU,ANA MARIA MACHADO,biblioteca,Disponível
O LEÃO E O CAMUNDONGO,JERRY PINKNEY,biblioteca,Disponível
MANHÃ DE SOL,SULAMITA COELHO AMARAL,biblioteca,Disponível
A CASINHA DO TATU,ELZA SALLUT,biblioteca,Disponível
A HISTÓRIA DOS PINGOS,MARY FRANÇA,biblioteca,Disponível
RIMANDINHO,TATIANA BELINKY,biblioteca,Disponível
BRIGÃO O BEIJA-FLOR,LÊDA SELLARO,biblioteca,Disponível
A COLCHA DE RETALHOS,CONCEIL CORRÊA,biblioteca,Disponível
NÃO FUI EU! (VALORES),BRIAN MOSES,biblioteca,Disponível
LENDAS VITÓRIA-RÉGIA,MAURÍCIO DE SOUZA,biblioteca,Disponível
LENDAS COBRA HONORATO,MAURÍCIO DE SOUZA,biblioteca,Disponível
LENDAS LOBISOMEM,MAURÍCIO DE SOUZA,biblioteca,Disponível
LENDAS BOTO ROSA,MAURÍCIO DE SOUZA,biblioteca,Disponível
LENDAS MULA SEM CABEÇA,MAURÍCIO DE SOUZA,biblioteca,Disponível
LENDAS BOITATÁ,MAURÍCIO DE SOUZA,biblioteca,Disponível
LENDAS SACI,MAURÍCIO DE SOUZA,biblioteca,Disponível
LENDAS COBRA CABRIOLA,MAURÍCIO DE SOUZA,biblioteca,Disponível
LENDAS NEGRINHO DO PASTOREIO,MAURÍCIO DE SOUZA,biblioteca,Disponível
FÁBULA O PASTORZINHO MENTIROSO,MAURÍCIO DE SOUZA,biblioteca,Disponível
FÁBULA O RATO DA CIDADE E O RATO DO CAMPO,MAURÍCIO DE SOUZA,biblioteca,Disponível
FÁBULA A CEGONHA E A RAPOSA,MAURÍCIO DE SOUZA,biblioteca,Disponível
FÁBULA O MOLEIRO,O MENINO E O BURRO,MAURÍCIO DE SOUZA,biblioteca
FÁBULA O AVARENTO,MAURÍCIO DE SOUZA,biblioteca,Disponível
FÁBULA A RAPOSA E O CORVO,MAURÍCIO DE SOUZA,biblioteca,Disponível
FÁBULA A CIGARRA E A FORMIGA,MAURÍCIO DE SOUZA,biblioteca,Disponível
FÁBULA A RAPOSA E AS UVAS,MAURÍCIO DE SOUZA,biblioteca,Disponível
FÁBULA O LEÃO E O CAMUNDONGO,MAURÍCIO DE SOUZA,biblioteca,Disponível
BAILE DO MENINO DE DEUS,RUTH ROCHA,biblioteca,Disponível
LENDA DOS CAVALEIROS,MARTINS FONTES,biblioteca,Disponível
DE OLHO NAS PENAS,ANA MARIA MACHADO,biblioteca,Disponível
DOIS CORAÇÕES E QUATRO SEGREDOS,BETO ANDRETTA,biblioteca,Disponível
UMA HISTÓRIA DE NATAL,CHARLES DICKENS,biblioteca,Disponível
HISTÓRIA DE UM NOME,TATIANA BELINKY,biblioteca,Disponível
UMA ROUPA MUITO ESPECIAL,TATIANA BELINKY,biblioteca,Disponível
O MENINO NARIGUDO,WALCYR CARRASCO,biblioteca,Disponível
NEM TE CONTO!,ANA MARIA MACHADO,biblioteca,Disponível
HISTÓRIA DE GATO,TATIANA BELINKY,biblioteca,Disponível
O PEQUENO PRÍNCIPE,ANTOINE DE SAINT,biblioteca,Disponível
HISTÓRIAS FANTÁSTICAS,JOSÉ J. VEIGA,biblioteca,Disponível
O SANTINHO,ANA MARIA MACHADO,biblioteca,Disponível
DO OUTRO MUNDO,ANA MARIA MACHADO,biblioteca,Disponível
RAUL DA FERRUGEM AZUL,ANA MARIA MACHADO,biblioteca,Disponível
OS TRÊS MOSQUETEIROS,ALEXANDRE DUMAS,biblioteca,Disponível
A GATA BORRALHEIRA ...,WALCYR CARRASCO,biblioteca,Disponível
BRINCANDO COM TRAVA-LÍNGUAS,CLAÚDIO MARTINS,biblioteca,Disponível
QUATRO MITOS BRASILEIROS,MÔNICA STAHEL,biblioteca,Disponível
TOM SAWYER,RUTH ROCHA,biblioteca,Disponível
LUDI VAI A PRAIA,LUCIANA SANDRONI,biblioteca,Disponível
BULLYING,JOÃO PEDRO RORIZ,biblioteca,Disponível
A GARUPA E OUTROS CONTOS,SYLVIA ORTHOF,biblioteca,Disponível
GALINHA PINTADINHA,BROMELIA PRODUÇÕES,biblioteca,Disponível
HISTÓRIA MOLHADA,TATIANA BELINKY,biblioteca,Disponível
UMA TRANÇA DOURADA,TATIANA BELINKY,biblioteca,Disponível
SAPATINHO DE CRISTAL,TATIANA BELINKY,biblioteca,Disponível
A MISSÃO SECRETA DE ROOKIE,TRACEY WEST,biblioteca,Disponível
POEMAS DO MAR,RUTH ROCHA,biblioteca,Disponível
RAPUNZEL E CHAPEUZINHO VERMELHO,IRMÃOS CRIMM,biblioteca,Disponível
OSWAAAAALDO!,FERNANDO A. PIRES,biblioteca,Disponível
UMA PROFESSORA MUITO MALUQUINHA,ZIRALDO,biblioteca,Disponível
CIRANDA DE CONTOS,RUTH ROCHA,biblioteca,Disponível
DIDI E LILI - BOA DE BOLA,GERAÇÃO MANGÁ,biblioteca,Disponível
DIDI E LILI - BRANCA DE NEVE,GERAÇÃO MANGÁ,biblioteca,Disponível
DIDI E LILI - A LÂMPADA MÁGICA,GERAÇÃO MANGÁ,biblioteca,Disponível
TURMA DA MÔNICA JOVEM - CAMPEÕES DA JUSTIÇA,MAURÍCIO DE SOUZA,biblioteca,Disponível
TURMA DA MÔNICA JOVEM - SUJEIRA DIGITAL,MAURÍCIO DE SOUZA,biblioteca,Disponível
TURMA DA MÔNICA JOVEM - O MUNDO DE MARIA CEBOLA,MAURÍCIO DE SOUZA,biblioteca,Disponível
LANTERNA VERDE,GRANT MORRISON,biblioteca,Disponível
BATMAN,GRANT MORRISON,biblioteca,Disponível
MULHER-MARAVILHA,GRANT MORRISON,biblioteca,Disponível
SUPERMAN,GRANT MORRISON,biblioteca,Disponível
HOMEM-ARANHA,GRANT MORRISON,biblioteca,Disponível
O QUE É QUE TEM NO SEU CAMINHO,BIA VILLELA,biblioteca,Disponível
AZUR E ASMAR,MICHEL OCELOT,biblioteca,Disponível
DE ONDE VEM A TELEVISÃO?,CÉLIA CATUNDA,biblioteca,Disponível
ZUZA E ARQUIMEDES,EVA FURNARI,biblioteca,Disponível
VI UM BICHO GENIAL ...,SYLVIA ROESCH,biblioteca,Disponível
GAROTO,CIRO FERNANDES,biblioteca,Disponível
PÁSSARO AMARELO,OLGA DE DIOS,biblioteca,Disponível
EM CIMA DAQUELA SERRA,EUCANAÃ FERRAZ,biblioteca,Disponível
O LIVRO DO PODE-NÃO-PODE,ROSA AMANDA,biblioteca,Disponível
QUANTOS NOMES TEM UM MENINO?,OLÍVIA DE MELO FRANCO,biblioteca,Disponível
SEU G.,GUSTAVO ROLDÁN,biblioteca,Disponível
O PIANO DE CALDA,CLOVIS LEVI,biblioteca,Disponível
O LENÇO,PATRÍCIA AUERBACH,biblioteca,Disponível
SE EU FOSSE AQUILO,RICARDO AZEVEDO,biblioteca,Disponível
O PEQUENO PRÍNCIPE PRETO,RODRIGO FRANÇA,biblioteca,Disponível
A ÁFRICA MEU PEQUENO CHAKA,MARIE SELLIER,biblioteca,Disponível
JOÃO E O PÉ DE FEIJÃO,RUTH ROCHA,biblioteca,Disponível
JOÃO E O PÉ DE FEIJÃO,NÚRIA FONT,biblioteca,Disponível
JOÃO E MARIA,VICTOR ESCANDELL,biblioteca,Disponível
TOM SAWYER DETETIVE,MARK TWAIN,biblioteca,Disponível
QUEM CONTA UM CONTO?,ANA MARIA MACHADO,biblioteca,Disponível
ABC DO LAVRADOR E OUTROS CONTOS,SILVIO ROMERO,biblioteca,Disponível
VIDA E PAIXÃO DE PANDONAR O CRUEL,JOÃO UBALDO RIBEIRO,biblioteca,Disponível
CLÁSSICOS DE VERDADE: MITOS E LENDAS GRECO-ROMANOS,APULEIRO (ET AL),biblioteca,Disponível
UÓLACE E JOÃO VICTOR,ROSA AMANDA STRAUZ,biblioteca,Disponível
O EMPINADOR DE ESTRELAS,LOURENÇO DIAFÉRIA,biblioteca,Disponível
A GAROTA E O ROQUEIRO,LUIZ ANTONIO AGUIAR,biblioteca,Disponível
MINHAS MEMÓRIAS DE LOBATO,LUCIANA SANDRONI,biblioteca,Disponível
O ROUXINOL E O IMPERADOR DA CHINA,HAS CHRISTIAN ANDERSEN,biblioteca,Disponível
DO OUTRO LADO TEM SEGREDOS,ANA MARIA MACHADO,biblioteca,Disponível
HISTÓRIA QUE O POVO CONTA,RICARDO AZEVEDO,biblioteca,Disponível
O DIAMANTE DO GRÃO-MONGOL,MARIA CLARA MACHADO,biblioteca,Disponível
CAMINHOS DA POESIA,CECÍLIA MEIRELES,biblioteca,Disponível
PROEZAS DE JOÃO GRILO,JOÃO FERREIRA DE LIMA,biblioteca,Disponível
NEM TE CONTO! VOLUME 2,ANA MARIA MACHADO,biblioteca,Disponível
EM FAMÍLIA: CONTO VOLUME 2,ARTUR AZEVEDO,biblioteca,Disponível
PURATIG O REMO SAGRADO E OUTROS CONTOS,MOACYR SCILAR,biblioteca,Disponível
FEITO BALA PERDIDA E OUTROS POEMAS,RICARDO AZEVEDO,biblioteca,Disponível
A PRINCESA BIA MARIA,JARDIA MAIA,biblioteca,Disponível
ODISSÉIA,RUTH ROCHA,biblioteca,Disponível
BISA BIA BISA BEL,ANA MARIA MACHADO,biblioteca,Disponível
ZÉ VAGÃO DA RODA FINA E SUA MÃE LEOPOLDINA,SYLVIA ORTHOF,biblioteca,Disponível
BAILE DO MENINO DEUS,RONALDO CORREIA BRITO,biblioteca,Disponível
A ÁRVORE QUE DAVA DINHEIRO,DOMINGOS PELLEGRINI,biblioteca,Disponível
PLUFT O FANTASMINHA,MARIA CLARA MACHADO,biblioteca,Disponível
DO OUTRO MUNDO,ANA MARIA MACHADO,biblioteca,Disponível
MEUS PRIMEIROS VERSOS,CECÍLIA MEIRELES,biblioteca,Disponível
O MÁGICO DE OZ,L. FRANK BAUM,biblioteca,Disponível
O TESOURO DA NAU CATARINETA,ANTONIETA DIAS,biblioteca,Disponível
FAZ DE CONTO,MARIA QUINTANA,biblioteca,Disponível
HISTÓRIAS DAQUI E DALI,ROGER MELLO,biblioteca,Disponível
O MILAGRE DE CADA DIA,GISELDA LAPORTA,biblioteca,Disponível
UM ASSASSINATO UM MISTÉRIO E UM CASAMENTO,MARK TWAIN,biblioteca,Disponível
HISTÓRIA DE FADAS,OSCAR WILDE,biblioteca,Disponível
CONTOS DE RIR E SONHAR,RUTH ROCHA,biblioteca,Disponível
PALAVRA PALAVRINHA E PALAVRÕES,ANA MARIA MACHADO,biblioteca,Disponível
HISTÓRIA DO BRUXO DO COSME VELHO,MACHADO DE ASSIS,biblioteca,Disponível
A GEMA DO OVO DA EMA,SYLVIA ORTHOF,biblioteca,Disponível
BEIJO NA BOCA,IVAN JAF,biblioteca,Disponível
MAIS RÁPIDO DO QUE A LUZ,HUGO ALMEIDA,biblioteca,Disponível
O GATO MALHADO E A ANDORINHA SINHÁ,JORGE AMADO,biblioteca,Disponível
OS CIGARRAS E OS FORMIGAS,MARIA CLARA MACHADO,biblioteca,Disponível
LENDA DOS CAVALEIROS DA TÁVOLA REDONDA,CHRÉTIEN DE TROYES,biblioteca,Disponível
O IRMÃO QUE VEIO DE LONGE,MOACYR SCILAR,biblioteca,Disponível
CINCO ESTRELAS,ANA MARIA MACHADO,biblioteca,Disponível
OS MENINOS DA RUA DA PRAIA,SÉRGIO CAPPARELLI,biblioteca,Disponível
O MÁSCARA DE FERRO,ALEXANDRE DUMAS,biblioteca,Disponível
A CASA DA MADRINHA,LYGIA BOJUNGA,biblioteca,Disponível
O VELHO E O MAR,ERNEST HEMINGWAY,biblioteca,Disponível
PAULINHA A COELHINHA,LETÍCIA RAMEH,biblioteca,Disponível
O CAVALEIRO DE ESPORAS E ESPÍRITOS,TERRY DEARY,biblioteca,Disponível
OS SALTIMBANCOS,CHICO BUARQUE,biblioteca,Disponível
AS AVENTURAS DE ALICE NO PAÍS DAS MARAVILHAS,LEWIS CARROLL,biblioteca,Disponível
A MEMÓRIA DAS COISAS,MARÍLIA LOVATEL,biblioteca,Disponível
MEUS PRIMEIROS CONTOS,LEO CUNHA,biblioteca,Disponível
CANTIGA DE ESTRELAS,MARIA DINORAH,biblioteca,Disponível
HOJE TEM ESPETÁCULO: NO PAÍS DOS PREQUETÉS,ANA MARIA MACHADO,biblioteca,Disponível
A DROGA DA OBEDIÊNCIA,PEDRO BANDEIRA,biblioteca,Disponível
A TERRA DOS MENINOS PELADOS,GRACILIANO RAMOS,biblioteca,Disponível
CANÇÕES DO BRASIL,LAURA BACELLAR,biblioteca,Disponível
SALVE-SE QUEM PUDER: O VÍRUS DESINFORMÁTICO,CLIVE GIFFORD,biblioteca,Disponível
UMA CAMA PARA TRÊS,YOLANDA REYES,biblioteca,Disponível
POR  MOTIVOS DE VERSOS,ANTONIO FRANCISCO,biblioteca,Disponível
WANGARI MOATHAI E O MOVIMENTO DO CINTURÃO VERDE,OBIOMA OFOEGO,biblioteca,Disponível
NJINGA MBANDI RAINHA DE NDONGO E MATAMBA,SYLVIA SERBIN,biblioteca,Disponível
FUNMILAYO RANSOME-KUTI E A UNIÃO DAS MULHERES DE ABEOKUTA,OBIOMA OFOEGO,biblioteca,Disponível
O BARÃO DE MUNCHAUSEN,RUDOLPH ERICH RASPE,biblioteca,Disponível
TOM SAWYER,MARK TWAIN,biblioteca,Disponível
ALIBABÁ E OS QUARENTA LADRÕES,ANTOINE GALLAND,biblioteca,Disponível
AMIZADE,VÁRIOS AUTORES,biblioteca,Disponível
A BOLSA AMARELA,LYGIA BOJUNGA,biblioteca,Disponível
TEM GATO NA TUBA E OUTROS POEMAS,ELIAS JOSÉ,biblioteca,Disponível
FAZEDORES DE AMANHECER,AUGUSTO MASSI,biblioteca,Disponível
TREM DE ALAGOAS E OUTROS POEMAS,VÁRIOS AUTORES,biblioteca,Disponível
A GUERRA E A PAZ,BRIGITTE LABBÉ,biblioteca,Disponível
MENINOS EU CONTO,RACHEL DE QUEIROZ,biblioteca,Disponível
A CASA DA MADRINHA,LYGIA BOJUNGA,biblioteca,Disponível
PRÍNCIPES E PRINCESAS,SAPOS E LARGATOS,FLÁVIO DE SOUZA,biblioteca
A BELA ADORMECIDA NO BOSQUE,CHARLES PERRAULT,biblioteca,Disponível
BÍBLIA PARA CRIANÇAS EM 365 HISTÓRIAS,MARY BATCHELOR,biblioteca,Disponível
AS PALAVRAS VOAM,CECÍLIA MEIRELES,biblioteca,Disponível
LIVROS DAS TATIANICES,TATIANA BELINKY,biblioteca,Disponível
GOTAS DE POESIA,ANGELA LEITE DE SOUZA,biblioteca,Disponível
POESIA DAS CRIANÇAS,CASIMIRO DE ABREU,biblioteca,Disponível
ANTOLOGIA POÉTICA,MARIO QUINTANA,biblioteca,Disponível
POESIA ROMÂNTICA BRASILEIRA,MARISA LAJOLO,biblioteca,Disponível
O SANTINHO,LUIS FERNANDO VERISSÍMO,biblioteca,Disponível
O FANTASMA DO PORÃO,ELIAS JOSÉ,biblioteca,Disponível
O MENINO NARIGUDO,WALCYR CARRASCO,biblioteca,Disponível
AS LOUCAS AVENTURAS DO BARÃO DE MUNCHAUSEN,RUDOLPH ERICH RASPE,biblioteca,Disponível
ROMEO E JULIETA,WILLIAM SHAKESPEARE,biblioteca,Disponível
POEMAS QUE CONTAM HISTÓRIAS,ANA MARIA MACHADO,biblioteca,Disponível
EU CHOVO TU CHOVES ELE CHOVE ...,SYLVIA ORTHOF,biblioteca,Disponível
A MEGERA DOMADA,WILLIAM SHAKESPEARE,biblioteca,Disponível
TELEFONE SEM FIO,ILAN BRENMAN,biblioteca,Disponível
O CASAMENTO DO SAPO SERAFIM COM A BORBOLETA FLOR,CELESTE BORGES,biblioteca,Disponível
DICIONÁRIO JÚNIOR DA LÍNGUA PORTUGUESA,GERALDO MATTOS,biblioteca,Disponível
DENTE,ANGELO MACHADO,biblioteca,Disponível
OS TRÊS JACAREZINHOS,HELEN KETTEMAN,biblioteca,Disponível
DE ONDE EU VENHO?,SERGI CÂMARA,biblioteca,Disponível
O ANÃO DE XAXIM,JULIANA GONÇALVES,biblioteca,Disponível
VAI QUE E TUA RABICÓ,SÔNIA TRAVASSOS,biblioteca,Disponível
A CIGARRA E A FORMIGA,JOÃO DE BARROS,biblioteca,Disponível
O VELHO QUE TRAZIA A NOITE,SERGIO CAPPARELLI,biblioteca,Disponível
O MUNDO DO TRABALHO,PIERRE VERGER,biblioteca,Disponível
CHAPEUZINO DE COURO,AGOSTINHO ORNELLAS,biblioteca,Disponível
NATAL A NOIVA DO SOL,CLOTILDE TAVARES,biblioteca,Disponível
RIMAS DA FLORESTA,JOSÉ SANTOS,biblioteca,Disponível
BICHOS DO LIXO,FERREIRA GULLAR,biblioteca,Disponível
AS SEIS MOEDAS DE OURO,ANTONIO FRANCISCO,biblioteca,Disponível
A CAMINHO DE CASA,JAIRO BUITRAGO,biblioteca,Disponível
OS IRMÃOS CORSOS,ALEXANDRE DUMAS,biblioteca,Disponível
OS CONTOS DE GRIMM: OS SEIS CRIADOS DO PRÍNCIPE,MARIA HELOISA PENTEADO,biblioteca,Disponível
CORES EM CORDEL,MARIA AUGUSTA MEDEIROS,biblioteca,Disponível
LINO,ANDRÉ NEVES,biblioteca,Disponível
QUE IDÉIA PROFESSORA,ALINA PERLMAN,biblioteca,Disponível
CARTÃO-POSTAL,LUIZ RAUL MACHADO,biblioteca,Disponível
A ABELHA,LIGIA RICETTO,biblioteca,Disponível
QUEM LÊ COM PRESSA TROPEÇA,ELIAS JOSÉ,biblioteca,Disponível
PASSARINHOS E GAVIÕES,CHICO ALENCAR,biblioteca,Disponível
ESTÓRIA DE JABUTI,MARION VILLAS BOAS,biblioteca,Disponível
ZIG ZAG,EVA FURNARI,biblioteca,Disponível
UM DOIS TRÊS AGORA É SUA VEZ,ANA MARIA MACHADO,biblioteca,Disponível
SEBASTIANA E SEVERINA,ANDRÉ NEVES,biblioteca,Disponível
COM A PULGA ATRÁS DA ORELHA...,CHRISTIANE GRIBEL,biblioteca,Disponível
A MELHOR FAMÍLIA DO MUNDO,SUSANA LÓPEZ,biblioteca,Disponível
FUMAÇA,ANTÓN FORTES,biblioteca,Disponível
CONTOS E LENDAS ORIENTAIS,MALBA TAHAN,biblioteca,Disponível
CLASSIFICADOS E NEM TANTO,MARINA COLASANTI,biblioteca,Disponível
AMOR E OUTROS CONTOS,LUIZ VILELA,biblioteca,Disponível
O OURIÇO,GUSTAVO ROLDÁN,biblioteca,Disponível
O ARTEIRO E O TEMPO,LUIS FERNANDO VERISSÍMO,biblioteca,Disponível
A LENDA DO UIRAPURU,PAULINHO TAPAJÓS,biblioteca,Disponível
DEZ CONTOS,RILDENIRO MEDEIROS,biblioteca,Disponível
BICHO QUE TE QUERO LIVRE,ELIAS JOSÉ,biblioteca,Disponível
111 POEMAS PARA CRIANÇAS,SERGIO CAPPARELLI,biblioteca,Disponível
HISTÓRIA SONOLENTA,TATIANA BELINKY,biblioteca,Disponível
UMA ROUPA MUITO ESPECIAL,TATIANA BELINKY,biblioteca,Disponível
HISTÓRIA DE FEIURA,TATIANA BELINKY,biblioteca,Disponível
A CIDADE DOS RIOS INVISÍVEIS,SOLANGE SANCHEZ,biblioteca,Disponível
BATATA COZIDA MINGAU DE CARÁ,ELOÍ ELISABETE BOCHECO,biblioteca,Disponível
LÉO O PARDO,RINALDO SANTOS,biblioteca,Disponível
QUEM FUNDOU NATAL,ENÉLIO LIMA PETROVITCH,biblioteca,Disponível
FAMÍLIA COMPOSTA,DOMINGOS PELLEGRINI,biblioteca,Disponível
UM CERTO CAPITÃO RODRIGO,ERICO VERISSÍMO,biblioteca,Disponível
A BRUXINHA QUE ERA BOA,MARIA CLARA MACHADO,biblioteca,Disponível
ABRAÃO E AS FRUTAS,LUCIANA V. P. MENDONÇA,biblioteca,Disponível
CAMINHO DA POESIA,VÁRIOS AUTORES,biblioteca,Disponível
BICHOS DE VERSOS,FERREIRA GULLAR,biblioteca,Disponível
TRAQUINAGENS DE JOÃO GRILO EM CORDEL,MARCO HAURÉLIO,biblioteca,Disponível
MADALENA,CRISTIANE DANTAS,biblioteca,Disponível
CARAVELA REDESCOBRIMENTOS,GABRIEL BICALHO,biblioteca,Disponível
DON QUIJOTE DE LA MANCHA,MIGUEL DE CERVANTES,biblioteca,Disponível
NUNO DESCOBRE O BRASIL,MARCUS AURÉLIO PIMENTA,biblioteca,Disponível
O MÁGICO DE OZ,L. FRANK BAUM,biblioteca,Disponível
PRIMEIRAS SEMENTES,SIMÔNE LINHARES,biblioteca,Disponível
FÁBULAS,MONTEIRO LOBATO,biblioteca,Disponível
UM CALDEIRÃO DE POEMAS,TATIANA BELINKY,biblioteca,Disponível
AS CEM MELHORES HISTÓRIAS DA MITOLOGIA,A. S. FRANCHINI,biblioteca,Disponível
ROMEU E JULIETA,WILLIAM SHAKESPEARE,biblioteca,Disponível
VINTE MIL LÉGUAS SUBMARINAS,JÚLIO VERNE,biblioteca,Disponível
TEMPO DE VOO,BARTOLOMEU CAMPOS,biblioteca,Disponível
MILA A GATA PRETA,MARCELO MOUTINHO,biblioteca,Disponível
A PRINCESA QUE TUDO SABIA MENOS UMA COISA,ROSANE PAMPLONA,biblioteca,Disponível
FOI ASSIM QUE EU E A ESCURIDÃO FICAMOS AMIGOS,EMICIDA,biblioteca,Disponível
O MUNDINHO AZUL,INGRID BIESEMEYER,biblioteca,Disponível
VALENTINA,MÁRCIO VASSALO,biblioteca,Disponível
NO OCO DA AVELÃ,MURIEL MINGAU,biblioteca,Disponível
JOÃO ESPERTO LEVA O PRESENTE CERTO,CANDACE FLEMING,biblioteca,Disponível
ÚLTIMA BUSCA DE GILGAMESH,LUDMILA ZEMAN,biblioteca,Disponível
ABRINDO CAMINHO,ANA MARIA MACHADO,biblioteca,Disponível
SUPERAMIGOS,FIONA REMPT,biblioteca,Disponível
BOCEJO,RENATO MORACONI,biblioteca,Disponível
A ÁRVORE,SANDRINE THOMMEN,biblioteca,Disponível
CHARLES NA ESCOLA DE DRAGÕES,ALEX COUSSEAU,biblioteca,Disponível
O GULOSO,LILIAN SYPRIANO,biblioteca,Disponível
O TRÂNSITO NO MUNDINHO,INGRID BIESEMEYER,biblioteca,Disponível
UMA DUAS TRÊS PRINCESAS,ANA MARIA MACHADO,biblioteca,Disponível
MINHOCAS COMEM AMENDOINS,ÉLISA GÉHIN,biblioteca,Disponível
AVENTURA ANIMAL,FERNANDO VILELA,biblioteca,Disponível
SETE CAMUNDONGOS CEGOS,ED YOUNG,biblioteca,Disponível
CAI OU NÃO CAI? HAICAIS E ANIMAIS,JEAN MARCEL,biblioteca,Disponível
ERA UMA VEZ ... 1 2 3,ALISON JAY,biblioteca,Disponível
WABI SABI,MARK REIBSTEIN,biblioteca,Disponível
O QUE CABE NUM LIVRO,ILAN BRENMAN,biblioteca,Disponível
E O LOBO MAU SE DEU BEM,SUPPA,biblioteca,Disponível
RAPOSA,MARGARET WILD,biblioteca,Disponível
ISTO É UM POEMA QUE CURA OS PEIXES,JEAN-PIERRA SIMÉON,biblioteca,Disponível
DEZ CASA E UM POSTE QUE PEDRO FEZ,HERMES BERNARDI JR.,biblioteca,Disponível
OS LOBOS DENTRO DAS PAREDES,NEIL GAIMAN,biblioteca,Disponível
JUNTA SEPARA E GUARDA,VERA LÚCIA DIAS,biblioteca,Disponível
O MENINO MALUQUINHO,ZIRALDO,biblioteca,Disponível
O DOM DA VERDADE,BIA HETZEL,biblioteca,Disponível
O SABIÁ E A GIRAFA,LEO CUNHA,biblioteca,Disponível
A CAMINHO DA ESCOLA,FABIA TERNI,biblioteca,Disponível
O VEADO E A ONÇA,ANA MARIA MACHADO,biblioteca,Disponível
O TRAÇO E A TRAÇA,ROSEANE MURRAY,biblioteca,Disponível
BELELÉU E AS PALAVRAS,PATRÍCIO DUGNANI,biblioteca,Disponível
MÚSICA NO ZOO,CECÍLIA CAVALIERI FRANÇA,biblioteca,Disponível
O MALUCO DO CÉU,ANNA GOBEL,biblioteca,Disponível
PINTURAS E ESCULTURAS,NÚRIA ROCA,biblioteca,Disponível
BELELÉU E OS NÚMEROS,PATRÍCIO DUGNANI,biblioteca,Disponível
VILLA-LOBOS,NEREIDE S. SANTA ROSA,biblioteca,Disponível
MAPA DE SONHOS,URI SHULEVITZ,biblioteca,Disponível
OS MISERÁVEIS,VICTOR HUGO,biblioteca,Disponível
ILÍADA,DIEGO AGRIMBAU,biblioteca,Disponível
ODISSÉIA,DIEGO AGRIMBAU,biblioteca,Disponível
O LADRÃO DE CASACA,MAURICE LEBLANC,biblioteca,Disponível
ANNE FRANK,DIEGO AGRIMBAU,biblioteca,Disponível
ROBINSON CRUSOÉ,DANIEL DEFOE,biblioteca,Disponível
O RETRATO DE DORIAN GRAY,OSCAR WILDE,biblioteca,Disponível
OS TRÊS MOSQUETEIROS,ALEXANDRE DUMAS,biblioteca,Disponível
X-MEN INFERNO 4,LOUISE SIMONSON,biblioteca,Disponível
ALICE NO PAÍS DO QUANTUM,ROBERT GILMORE,biblioteca,Disponível
A FERA QUE NÃO TINHA A BELA,RAMON M. SHEID,biblioteca,Disponível
INDIOZINHOS,MÔNICA HAIBARA,biblioteca,Disponível
APUKA,MARIA JÚLIA,biblioteca,Disponível
PENA QUEBRADA (O INDIOZINHO),JOÃO GERALDO,biblioteca,Disponível
O MENINO E O JACARÉ,MATÉ,biblioteca,Disponível
KARU TARU: O PEQUENO PAJÉ,DANIEL MUNDURUKU,biblioteca,Disponível
O TUPI QUE VOCÊ FALA,CLAÚDIO FRAGATA,biblioteca,Disponível
YVY PORÃ E O RIO DE MEL,ANGELA HOFMANN,biblioteca,Disponível
AS FÁBULAS DE IAUARETÊ,KAKÁ WERÁ,biblioteca,Disponível
A MARGARIDA FRIORENTA,FERNANDO LOPES,biblioteca,Disponível
QUE BICHO FEZ O BURACO,ANGELO MACHADO,biblioteca,Disponível
OS BIHOS TAMBÉM SONHAM,ANDRÉA DAHER,biblioteca,Disponível
PAPAI URSO,CECÍLIA EUDAVE,biblioteca,Disponível
DO OUTRO LADO DA RUA,CRIS EICH,biblioteca,Disponível
FIDENCO,SONIA JUNQUEIRA,biblioteca,Disponível
JUVENAL E O DRAGÃO,ROSINHA,biblioteca,Disponível
ABC DO MILLÔR,MILLÔR FERNANDES,biblioteca,Disponível
O SAPATEIRO E OS ANÕESINHOS,BIA BEDRAN,biblioteca,Disponível
ODE A UMA ESTRELA,PABLO NERUDA,biblioteca,Disponível
CAÇA AO TESOURO,LILIANA IACOCCA,biblioteca,Disponível
UM DIA NA VIDA DE AMOS MCGEE,PHILIP C. STEAD,biblioteca,Disponível
O PATO A MORTE E A TULIPA,WOLF ERLBRUCH,biblioteca,Disponível
O QUARTÁRIO,FRANCESCA ZULLINO,biblioteca,Disponível
PLANTANDO UMA AMIZADE,RUBENS MATUCK,biblioteca,Disponível
MEU AMIGO PALADAR,JOSÉ DE CASTRO,biblioteca,Disponível
A PAISAGEM,MARIA LUIZA,biblioteca,Disponível
O ANIVERSÁRIO DO DINOSSAURO,INDIGO - ELMA,biblioteca,Disponível
A LUA DENTRO DO COCO,SÉRGIO CAPPARELLI,biblioteca,Disponível
GALINHA COM DENTE,LÚCIA PIMENTEL,biblioteca,Disponível
DE ONDE EU VIM?,CLAIRE LLEWELLYN,biblioteca,Disponível
LOUCA POR BICHOS,MIRIAN PORTELA,biblioteca,Disponível
VAMOS BRINCAR COM AS PALAVRAS,LÚCIA PIMENTEL,biblioteca,Disponível
RODAS E BAILES DE SONS...,LÚCIA PIMENTEL,biblioteca,Disponível
O PINTINHO ADOTIVO,MÁRCIA GLÓRIA,biblioteca,Disponível
A FESTA DO CÉU,CRISTINA PORTO,biblioteca,Disponível
DANI FURACÃO,CARMEM LÚCIA,biblioteca,Disponível
SEGREDINHOS DO AMOR,ELIAS JOSÉ,biblioteca,Disponível
BUMBA-BOI,FABIANA FERREIRA,biblioteca,Disponível
INSÔNIA,ANTÔNIO SKÁRMETA,biblioteca,Disponível
EI QUEM VOCÊ PENSA QUE É?,GERSON MURILO,biblioteca,Disponível
O DRAGÃO COMILÃO,ROSANA RIOS,biblioteca,Disponível
A ÚLTIMA FLOR AMARELA,CAULOS,biblioteca,Disponível
O BORDADO ENCANTADO,EDMIR PERROTTI,biblioteca,Disponível
SERAFINA E A CRIANÇA TRABALHA,JÔ AZEVEDO,biblioteca,Disponível
EU QUERIA TER...,RICARDO AZEVEDO,biblioteca,Disponível
RIBIT,JUAN GEDOVIUS,biblioteca,Disponível
DE OLHO NA AMAZÔNIA,INGRID BIESEMEYER,biblioteca,Disponível
MINHA CASA AZUL,ALAIN SERRES,biblioteca,Disponível
HOJE É AMANHÃ?,ANA CLAUDIA,biblioteca,Disponível
MENOR ILHA DO MUNDO,TATIANA FILINTO,biblioteca,Disponível
MINHA ILHA MARAVILHOSA,MARINA COLASANTI,biblioteca,Disponível
O BALANÇO DA MUDANÇA,ALEXANDRE CARVALHO,biblioteca,Disponível
PRA BRINCAR,MANOEL BANDEIRA,biblioteca,Disponível
TATU BALÃO,SÔNIA BARROS,biblioteca,Disponível
ANA VAIVÉM,MARIANA TASCA,biblioteca,Disponível
QUEM TEM MEDO DE CACHORRO?,RUTH ROCHA,biblioteca,Disponível
A PRINCESA VAMPIRA,JONAS RIBEIRO,biblioteca,Disponível
A CHAVE DO VAGA-LUME,ELOÍ ELIZABET,biblioteca,Disponível
UM MUNDO DESCONHECIDO,PATATIVA DO ASSARÉ,biblioteca,Disponível
COM A NOITE VEIO O SONO,LIA MINÁPOTY,biblioteca,Disponível
O MENINO DO PENSAMENTO AZUL,LEONOR OLIVEIRA,biblioteca,Disponível
MUITO MUITO LONGE!,JOHN SEGAL,biblioteca,Disponível
A COMPOTEIRA,CELSO SISTO,biblioteca,Disponível
NÓS,EVA FURNARI,biblioteca,Disponível
IFÁ,O ADIVINHO,REGINALDO PRANDI,biblioteca
TRAÇA LETRA...,LUCIANA SAVAGET,biblioteca,Disponível
RAZINHA CANTORA E OUTROS POEMAS,REGINA CHAMLIAN,biblioteca,Disponível
POEMAS DE IARA,EUCANAÃ FERRAZ,biblioteca,Disponível
O GATO VIRIATO,ROGER MELLO,biblioteca,Disponível
SE UM DIA EU FOSSE EMBORA,ANNA GOBEL,biblioteca,Disponível
A TARTARUGA E A BONECA,MARCIA LEITE,biblioteca,Disponível
MAST E O PLANETA AZUL,SONIA COPPINI,biblioteca,Disponível
OS VIZINHOS,HENRIQUE SITCHIN,biblioteca,Disponível
GENTE DE MUITOS ANOS,MALÔ CARVALHO,biblioteca,Disponível
CONTOS DE GRIMM,ELZHIETA GAUDASHIS,biblioteca,Disponível
E O QUE VEM DEPOIS DE MIL?,ANETTE BLEY,biblioteca,Disponível
NUMA NOITE MUITO ESCURA,SIMON PRESCOTT,biblioteca,Disponível
CARTOLA,EDINHA DINIZ,biblioteca,Disponível
EU,MENENA COTTIN,biblioteca,Disponível
O REINO TODO QUADRADO,CAIO RITER,biblioteca,Disponível
O MENOS ESPETÁCULO DA TERRA,RITA ESPESCHIT,biblioteca,Disponível
NO RISCO DO CARACOL,MARIA VALÉRIA REZENDE,biblioteca,Disponível
A BANGUELINHA,ANGELUS LAGO,biblioteca,Disponível
OS SALTIMBANCOS,CHICO BUARQUE,biblioteca,Disponível
BOI DA CARA PRETA,SÉRGIO CAPPARELLI,biblioteca,Disponível
DOM QUIXOTE,CARLOS RIVIEJO,biblioteca,Disponível
SERTÃO,FÁBIO MONTEIRO,biblioteca,Disponível
COMO RECONHECER UM MONSTRO,GUSTAVO ROLDÁN,biblioteca,Disponível
SECA,ANDRÉ NEVES,biblioteca,Disponível
MESTRE VITALINO,ANDRÉ NEVES,biblioteca,Disponível
QUANDO O SABIÁ CANTA...,FÁTIMA MIGUEZ,biblioteca,Disponível
JONAS E A SEREIA,ZÉLIA GATTAL,biblioteca,Disponível
DUELO DANADO DE DANDÃO E DEDÉ,ANDREA EBERT,biblioteca,Disponível
NOSSA RUA TEM UM PROBLEMA,RICARDO AZEVEDO,biblioteca,Disponível
O PRESENTE DE MARAJÁ,JAMES RUMFORD,biblioteca,Disponível
ENCONTRO COM TARSILA,CECÍLIA ARANHA,biblioteca,Disponível
OS SINOS,MANOEL BANDEIRA,biblioteca,Disponível
CLAVE DE LUA,LEO CUNHA,biblioteca,Disponível
ONDE É O BOTÃO?,REGINA SIGUEMOTO,biblioteca,Disponível
O POVO PATAXÓ...,ANGTHICHAY,biblioteca,Disponível
O QUE DIZEM AS PALAVRAS?,NANI,biblioteca,Disponível
CHUVAS E TEMPESTADES,BEATRICE ROUER,biblioteca,Disponível
UMA ZEBRA FORA DO PADRÃO,PAULA BROWNE,biblioteca,Disponível
O ALVO,ILAN BRENMAN,biblioteca,Disponível
LENDAS DA ÁFRICA,HELOISA PIRES,biblioteca,Disponível
MITOS - O FOLCLORE DO MESTRE ANDRÉ,MARCELO XAVIER,biblioteca,Disponível
MANOS MALUCOS 2,ANA MARIA MACHADO,biblioteca,Disponível
O BICHO FOLHARAL,ANGELA LAGO,biblioteca,Disponível
HISTÓRIAS DA ONÇA E DO MACACO,VERA DO VAL,biblioteca,Disponível
VISITA À BALEIA,PAULO VENTURELLI,biblioteca,Disponível
CHIQUINHA GONZAGA,ANGELO BONITO,biblioteca,Disponível
COMO UM PEIXA NA ÁGUA,DANIEL NESQUENS,biblioteca,Disponível
ARCO-ÍRIS TEM MAPA?,VIVIANA DE ASSIS,biblioteca,Disponível
FUTEBOLÍADA,JOSÉ SANTOS,biblioteca,Disponível
O MENINO QUE NÃO TEVE MEDO DO MEDO,IGNÁCIO DE LOYOLA,biblioteca,Disponível
CHÃO DE ESTRELAS,JOÃO BATISTA,biblioteca,Disponível
GIGI E NAPOLEÃO,CLAÚDIA RAMOS,biblioteca,Disponível
PAPAI CONECTADO,PHILIPPE DE KEMMETER,biblioteca,Disponível
O PRESENTE,ODILON MORAIS,biblioteca,Disponível
SUA ALTEZA A DIVINHA,ANGELA LAGO,biblioteca,Disponível
CHICLETE GRUDADO EM BAIXO DA MESA,ROSANA RIOS,biblioteca,Disponível
OS FEITIÇOS DO VIZINHO,SÔNIA JUNQUEIRA,biblioteca,Disponível
É TUDO INVENÇÃO,RICARDO SILVESTRIN,biblioteca,Disponível
ISSO ISSO,SELMA MARIA,biblioteca,Disponível
LUA NO BREJO,ELIAS JOSÉ,biblioteca,Disponível
HISTÓRIAS DO BRASIL,JOSÉ PAULO PÁES,biblioteca,Disponível
FARDO DE CARINHO,ROSSEANA MURAY,biblioteca,Disponível
BRINCRIAR,DILAN CAMARGO,biblioteca,Disponível
TRÊS CONTOS DE MUITO OURO,FERNANDA LOPES,biblioteca,Disponível
OLHE O DESPERDÍCIO COELHO FELÍCIO,GUCA DOMENICO,biblioteca,Disponível
O ABC DO DROMEDÁRIO,ALEXANDRE AZEVEDO,biblioteca,Disponível
O VIRA-LATA FILÉ,CLAÚDIA RAMOS,biblioteca,Disponível
MAS QUE BANDEIRA,NEIDE DUARTE,biblioteca,Disponível
KAMAZU,CARLA CARUSO,biblioteca,Disponível
A RISADA DE BIRIBA,ISABEL BOTELHO,biblioteca,Disponível
FORMIGA AMIGA,BARTOLOMEU CAMPOS,biblioteca,Disponível
FÁBULAS DE ESOPO,JEAN DE LA FONTAINE,biblioteca,Disponível
O CASAMENTO DO BOITATÁ...,JOSÉ SANTOS,biblioteca,Disponível
QUATRO AMIGOS (FÁBULA),TATIANA BELINKY,biblioteca,Disponível
RESSURREIÇÃO DO PAPAGAIO,EDUARDO GALEANO,biblioteca,Disponível
TOUPI TOCA,DAVID MCPHAIL,biblioteca,Disponível
A ÁRVORE QUE PENSAVA,OSWALDO FRANÇA,biblioteca,Disponível
VIRIATO E O LEÃO,ROGER MELLO,biblioteca,Disponível
QUERO MEU CHAPÉU DE VOLTA,JON KLASSEN,biblioteca,Disponível
O CASO DA LAGARTA...,MILTON CÉLIO,biblioteca,Disponível
UM FIO DE AMIZADE,MARÍLIA PIRILLO,biblioteca,Disponível
ANDIRA,RACHEL DE QUEIROZ,biblioteca,Disponível
A VARINHA DO CAAPORA,ANTONIETA DIAS,biblioteca,Disponível
ANJOS E ABACATES,CID RIBEIRO,biblioteca,Disponível
JOÃO E MARIA,IRMÃOS GRIMM,biblioteca,Disponível
O TAMANHO DO MEU SONHO,PRZEMYSTAW WECHTER,biblioteca,Disponível
À PROCURA DE MARU,KUMIKO YAMAMOTO,biblioteca,Disponível
A POLUIÇÃO TEM SOLUÇÃO,GUCA DOMENICO,biblioteca,Disponível
SÓ MEU,MÁRIO QUINTANA,biblioteca,Disponível
POESIA DE BICICLETA,SÉRGIO CAPPARELLI,biblioteca,Disponível
VERDES VERSOS,DIONÍSIO JACOB,biblioteca,Disponível
BELELÉU,PATRÍCIO DUGNANI,biblioteca,Disponível
MANOS MALUCOS 1,ANA MARIA MACHADO,biblioteca,Disponível
FIZ VOAR MEU CHAPÉU,ANA MARIA MACHADO,biblioteca,Disponível
UM MENINO INVISÍVEL,JOSÉ MARCELO,biblioteca,Disponível
PALAVRA DE HONRA CONVERSANDO SOBRE HONESTIDADE,NEWTON FOOT,biblioteca,Disponível
HISTÓRIAS DE ANANSE,ADWOA BADOE,biblioteca,Disponível
HISTÓRIAS DE CANTIGAS,CELSO SISTO,biblioteca,Disponível
PARA QUE SERVE UM LIVRO?,CHLOÉ LEGEAY,biblioteca,Disponível
ENQUANTO O SONO NÃO VEM,JOSÉ MAURO BRANT,biblioteca,Disponível
JARDIM DE VERSOS,ROBERT LOUIS,biblioteca,Disponível
OS GUARDADOS DA VOVÓ,NYE RIBEIRO,biblioteca,Disponível
REINAÇÕES DE NARIZINHO,MONTEIRO LOBATO,biblioteca,Disponível
A ARCA DE NÓE,VINÍCIUS DE MORAIS,biblioteca,Disponível
A CAIXA AZUL-MADRUGA,TEREZA HALLIDAY,biblioteca,Disponível
AMOR DOCE AMOR,REGINA RENNÓ,biblioteca,Disponível
TEM DE TUDO NESTA RUA...,MARCELO XAVIER,biblioteca,Disponível
A ARTE DA ANIMAÇÃO,RAQUEL COELHO,biblioteca,Disponível
OBAX,ANDRÉ NEVES,biblioteca,Disponível
RINOCERONTE DOBRADO,GUTO LINS,biblioteca,Disponível
ZOO,JESÚS GABÁN,biblioteca,Disponível
HISTÓRIAS DE QUEM CONTA HISTÓRIAS,LENICE GOMES,biblioteca,Disponível
HISTÓRIAS A BRASILEIRA,ANA MARIA MACHADO,biblioteca,Disponível
UMA GIRAFA E TANTO,SHEL SILVERSTEIN,biblioteca,Disponível
DISCURSO DO USO,JULIO CORTAZAR,biblioteca,Disponível
SOPRINHO - O SEGREDO DO BOSQUE,FERNANDA LOPES,biblioteca,Disponível
RODA DE LETRINHAS,NYE RIBEIRO,biblioteca,Disponível
MITOS GREGOS,MÁRICA WILLIAMS,biblioteca,Disponível
OTELO,JOZZ E AKIRA,biblioteca,Disponível
BILILICO,EVA FURNARI,biblioteca,Disponível
O CARROSSEL,RAINER MARIA,biblioteca,Disponível
O HERÓI IMÓVEL,ROSA AMANDA,biblioteca,Disponível
A FOME DO LOBO,CLAÚDIA MARIA,biblioteca,Disponível
COM A PULGA ATRÁS DA ORELHA...,CHRISTIANE GRIBEL,biblioteca,Disponível
CONTRA FEITIÇO - FEITIÇO E MEIO,ELOÍ ELISABET,biblioteca,Disponível
É ISSO ALI,JOSÉ PAULO PAES,biblioteca,Disponível
VOCÊ SABE GUARDAR SEGREDO,MARY FRANÇA,biblioteca,Disponível
QUE  MISTÉRIO!,MARY FRANÇA,biblioteca,Disponível
NAU CATARINETA,ROGER MELLO,biblioteca,Disponível
OITO PARES DE SAPATOS DA CINDERELA,JOSÉ ROBERTO TORETO,biblioteca,Disponível
PEDRO NOITE,CAIO RITER,biblioteca,Disponível
UMA ESTÁTUA DIFERENTE,CHARLOTTE BELLIERE,biblioteca,Disponível
CARMELA VAI À ESCOLA,ADÉLIA PRADO,biblioteca,Disponível
DANDI E A ÁRVORE PALAVREIRA,ANA CRISTINA MELO,biblioteca,Disponível
PLUFT O FANTASMINHA,MARIA CLARA MACHADO,biblioteca,Disponível
ALICE NO TELHADO,NELSON CRUZ,biblioteca,Disponível
AS CASAS DE ONTEM E HOJE,CARLOS RIVIEJO,biblioteca,Disponível
A PREDILETA DO POETA,GLAUCO MALTOSO,biblioteca,Disponível
O PRESENTE,CLAÚDIO MARTINS,biblioteca,Disponível
O MAIS FANTÁSTICO OVO DO MUNDO,HELME HEINE,biblioteca,Disponível
TECO-TECO O AVIÃOZINHO,PEDRO BLOCH,biblioteca,Disponível
ANIMAIS DA SAVANA,NAIARA RAGGIOTTI,biblioteca,Disponível
O JOGO DE AMARELINHA,GRAZIELA BOZANO,biblioteca,Disponível
O URSO QUE QUERIA SER PAI,WOLF ERLBRUCH,biblioteca,Disponível
O CIRCO MÁGICO,ALEXANDRE BRITO,biblioteca,Disponível
TEM LUGAR PARA TODOS,MASSIMO CACCIA,biblioteca,Disponível
NARIZINHO ARREBITADO,MONTEIRO LOBATO,biblioteca,Disponível
O CASAMENTO DE EMÍLIA,MONTEIRO LOBATO,biblioteca,Disponível
CONTOS DE PRINCESAS,SU BLACKWELL,biblioteca,Disponível
FESTA NO CÉU,LÚCIA HIRATSUKA,biblioteca,Disponível
OPERAÇÃO RISOTO,EVA FURNARI,biblioteca,Disponível
RINDO ESCONDIDO,JOÃO PROTETI,biblioteca,Disponível
FOME DANADA,ANA MARIA MACHADO,biblioteca,Disponível
A REDAÇÃO,ANTÔNIO SKÁRMETA,biblioteca,Disponível
VOLTA AO MUNDO EM 52 HISTÓRIAS,NEIL PHILIP,biblioteca,Disponível
A ÁRVORE DE NATAL MAIS BONITA ...,JOSÉ RICARDO,biblioteca,Disponível
COCÕ DE PASSARINHO,EVA FURNARI,biblioteca,Disponível
DIÁRIO DE UMA GAROTA NADA POPULAR,RACHEL RENÉE,biblioteca,Disponível
PANTUFA DE CACHORRINHO,JORGE LUJÁN,biblioteca,Disponível
SE FALA ASSIM NO SERTÃO,MANOEL CAVALCANTE,biblioteca,Disponível
BAGUNÇA NO MAR,HETZEL,biblioteca,Disponível
TXOPAI E ITÔHÃ,KANÁTYO PATAXÓ,biblioteca,Disponível
A MARGARIDA FRIORENTA,FERNANDA LOPES,biblioteca,Disponível
O LIVRO DOS PÁSSAROS MÁGICOS,HELOISA PRIETO,biblioteca,Disponível
A ONÇA DOLORES E O BODE QUIRINO,ZECO MONTES,biblioteca,Disponível
SEM PÉ NEM CABEÇA,ELIAS JOSÉ,biblioteca,Disponível
ALGERIAN TEM MEDO DE DORMIR,FABIANO DOS SANTOS,biblioteca,Disponível
PABLO PICASSO,MIKE VENEZIA,biblioteca,Disponível
DE AMORA E AMOR,ELIAS JOSÉ,biblioteca,Disponível
CARTA ERRANTE AVÓ ATRAPALHADA...,MIRNA PINSKY,biblioteca,Disponível
ACAMPAMENTO DA VOVÓ,ANNA CLAÚDIA RAMOS,biblioteca,Disponível
HISTORINHAS CASCUDAS,HORÁCIO DÍDIMO,biblioteca,Disponível
MANOS MALUCOS,ANA MARIA MACHADO,biblioteca,Disponível
OS GRANDES NEGÓCIOS DA BRUXA ONILDA,ENRIC LARREULA,biblioteca,Disponível
DE MÃOS DADAS,INGRID BIESEMEYER,biblioteca,Disponível
UM TRAÇO SEM GRAÇA,REGINA CÉLIA MELO,biblioteca,Disponível
ZOOLOGIA BIZARRA,FERREIRA GULLAR,biblioteca,Disponível
NANA PESTANA,SYLVIA ORTHOF,biblioteca,Disponível
AMAZONAS,THIAGO DE MELLO,biblioteca,Disponível
IBERÊ MENINO,ANDRÉ NEVES,biblioteca,Disponível
A CASA DA MADRINHA,LÍGIA BOJUNGA,biblioteca,Disponível
O CAMINHO DO CARACOL,HELENA ALEXANDRINO,biblioteca,Disponível
CANTILENA ASSOPRADA,GIOVANNA ZOBOLI,biblioteca,Disponível
APELIDO NÃO TEM COLA,REGINA OTERO,biblioteca,Disponível
A MOSCA FOI PRO ESPAÇO,RENATO MORACONI,biblioteca,Disponível
QUE HORAS SÃO,GUTO LINS,biblioteca,Disponível
ANÚNCIO NO JORNAL,REGINA SIGUEMOTO,biblioteca,Disponível
AMIGOS DO PEITO,CLAÚDIO THEBAS,biblioteca,Disponível
PORQUE MENINOS TEM PÉS GRANDES,SANDRA BRANCO,biblioteca,Disponível
JARDIM DE HAIJIN,ALICE RUIZ,biblioteca,Disponível
LAMPIÃO E LANCELOTE,FERNANDO VILELA,biblioteca,Disponível
MÃO QUE CONTA HISTÓRIA,MÁRCIA LEITE,biblioteca,Disponível
A MULHER QUE FALAVA PARA-CHOQUÊS,MARCELO DUARTE,biblioteca,Disponível
AURORA,CRISTINA BIAZATTO,biblioteca,Disponível
RUA JARDIM 75,ANA TERRA,biblioteca,Disponível
A PULGA E A DANINHA,PEDRO MOURÃO,biblioteca,Disponível
PAPO DE PATO,BARTOLOMEU CAMPOS,biblioteca,Disponível
OS ANIMAIS TEM RAZÃO,ANTÔNIO FRANCISCO,biblioteca,Disponível
ARCA DE NÓE,ANTONIO FRANCISCO,biblioteca,Disponível
AS MELHORES HISTÓRIAS DE ANDERSON,LAURA SANDRONI,biblioteca,Disponível
O COELHO QUE FUGIU DA HISTÓRIA,ROGÉRIO MANJATE,biblioteca,Disponível
A MULHER QUE VIROU URUTAU,MARIA KEREXU,biblioteca,Disponível
A PRINCESA DESEJOSA,CRISTINA BIAZETTO,biblioteca,Disponível
A FLAUTA DO TATU,ANGELA LAGO,biblioteca,Disponível
A HISTÓRIA DE EMÍLIA,MONTEIRO LOBATO,biblioteca,Disponível
O CASACO DE PUPA,ELENA FERRANDIZ,biblioteca,Disponível
O MITO DA CAVERNA,MARIZA VIANA,biblioteca,Disponível
O MENINO QUE MORAVA NO LIVRO,HENRIQUE SITCHIN,biblioteca,Disponível
FLORESTA AMAZÔNICA - O SONHO,CLÊNIO BOURA,biblioteca,Disponível
COMO ENSINAR SEUS PAIS...,ALAIN SERRES,biblioteca,Disponível
O GATO MASSAMÊ E AQUILO QUE ELE VÊ,ANA MARIA MACHADO,biblioteca,Disponível
FAZEDOR DE TATUAGEM,RICARDO AZEVEDO,biblioteca,Disponível
O SEGREDO DA CAVERNA,WAGNER BEZERRA,biblioteca,Disponível
BARCO BRANCO EM MAR AZUL,WERNER ZOTZ,biblioteca,Disponível
A PEQUENA MARIONETE,GABRIELLE VINCENT,biblioteca,Disponível
O SANTINHO,LUIZ FERNANDO VERÍSSIMO,biblioteca,Disponível
O FANTASMA DE CANTERVILLE,OSCAR WILDE,biblioteca,Disponível
FÁBULAS DE ESOPO,IVANA ARRUDA,biblioteca,Disponível
NA VENDA DE VERA,HEBE COIMBRA,biblioteca,Disponível
JAPONESINHOS,LALAU E LAURA,biblioteca,Disponível
O BECO DA LUA,HUMBERTO BORÉM,biblioteca,Disponível
PAPAI!,PHILIPPE CORENTIN,biblioteca,Disponível
A LENDA DO VALE DA LUA,JOÃO DAS NEVES,biblioteca,Disponível
CULTURA,ARNALDO ANTUNES,biblioteca,Disponível
VOVÓ VIAJA E NÃO SAI DE CASA?,SYLVIA ORTHOF,biblioteca,Disponível
CAVALHADAS DE PIRENÓPOLIS,ROGER MELLO,biblioteca,Disponível
DIA DE BRINQUEDO (POESIA),FERNANDO PAIXÃO,biblioteca,Disponível
O GARIMPEIRO DO RIO DAS GARÇAS,MONTEIRO LOBATO,biblioteca,Disponível
O DIA NÃO ESTÁ PARA BRUXA,MARCOS TAFURI,biblioteca,Disponível
O GUARDA-CHUVA VERDE,YUN DONG-JAE,biblioteca,Disponível
A  BOCA (JOGO DE PALAVRAS),CRISTINA VON,biblioteca,Disponível
O POETA PASSARINHO,PATATIVA DO ASSARÉ,biblioteca,Disponível
O HOMEM QUE APRENDEU A LER O MUNDO,FABIANO DOS SANTOS,biblioteca,Disponível
O MENINO QUE QUEBROU O TEMPO,JOSÉ MONTEIRO,biblioteca,Disponível
A LENDA DA PAXIUBA,TEREZINHA EBOLI,biblioteca,Disponível
SECA,ANDRÉ NEVES,biblioteca,Disponível
EU TE DISSE,TARO GOMI,biblioteca,Disponível
É HORA DE DORMIR,JOAN DE DÉU PRATS,biblioteca,Disponível
HISTÓRIAS QUE O POVO CONTA,CYRA MONTEZUMA,biblioteca,Disponível
DIÁLOGO,MÔNICA VERSIANI,biblioteca,Disponível
MARIA CLARA E JOSÉ FINA,LILIAN SYPRIANO,biblioteca,Disponível
SABE QUEM SOU EU?,MOIRA BUTTERFIELD,biblioteca,Disponível
FEMININA DE MENINA...,MÁRCIA LEITE,biblioteca,Disponível
CONVIVÊNCIA COM A NATUREZA,SALATIEL BARRAGAN,biblioteca,Disponível
O REI DE QUASE TUDO,ELIARDO FRANÇA,biblioteca,Disponível
A NOITE E MARACATU,FABIANO DOS SANTOS,biblioteca,Disponível
QUANTOS NOMES TEM UM MENINO?,OLÍVIA MELO,biblioteca,Disponível
ABC DA ÁGUA,SELMA MARIA,biblioteca,Disponível
UMA ANDORINHA SÓ,LUCIANO PONTES,biblioteca,Disponível
NÃO EXISTE DOR GOSTOSA,RICARDO AZEVEDO,biblioteca,Disponível
CERTO DIAS,MARIA WERNICKE,biblioteca,Disponível
RECEITAS DA AVÓ,NEIDE BARROS,biblioteca,Disponível
LETRAS SAPECAS,MARCIANO VASQUES,biblioteca,Disponível
O OVO,IVAN E MARCELLO,biblioteca,Disponível
BETO O CARNEIRO,ANA MARIA MACHADO,biblioteca,Disponível
BELELÉU E AS FORMAS,PATRÍCIO DUGNANI,biblioteca,Disponível
TRÊS FÁBULAS DE ESOPO,PAULO GARFUNKEL,biblioteca,Disponível
CHUVAS E TEMPESTADES,BEATRICE ROUER,biblioteca,Disponível
NOVE COISAS QUE ODEIO EM VOCÊ,MÁRCIA KUPSTAS,biblioteca,Disponível
FALANDO PELOS COTOVELOS,LÚCIA PIMENTEL,biblioteca,Disponível
PÉ DE PILÃO,MÁRIO QUINTANA,biblioteca,Disponível
POESIA FUTEBOL CLUBE,PAULO NETHO,biblioteca,Disponível
O BARULHO FANTASMA,SÔNIA JUNQUEIRA,biblioteca,Disponível
A FLAUTA DO SOTÃO,LÚCIA PIMENTEL,biblioteca,Disponível
A REBELIÃO DA PONTUAÇÃO,WILLIAM TUCCI,biblioteca,Disponível
O GRÃOZINHO DE AREIA (EM CORDEL),FERNANDA PAIXÃO,biblioteca,Disponível
BERIMBAU E OUTROS POEMAS,MANOEL BANDEIRA,biblioteca,Disponível
LARANJA PÊRA COUVE E MANTEIGA,MARIA AMÁLIA,biblioteca,Disponível
BICHO SÃO TODOS ... BICHOS,BARTOLOMEU CAMPOS,biblioteca,Disponível
MIRÁCULUS,ZAG HERDEZ,biblioteca,Disponível
O CIRCO,MANOEL CAVALCANTE,biblioteca,Disponível
BICHANO,TINO FREITAS,biblioteca,Disponível
A HISTÓRIA DA SOPEIRA E DA CONCHA,MICHAEL ENDE,biblioteca,Disponível
HISTÓRIAS DE QUADROS E LEITORES,MARISA LAJOLO,biblioteca,Disponível
A CANÇÃO DOS DIREITOS DAS CRIANÇAS,ELIFAS ANDREATO,biblioteca,Disponível
SAPO IVAN E O BOLO,HENFIL,biblioteca,Disponível
PINTURA AVENTURA,KÁTIA CANTON,biblioteca,Disponível
FEITA DE PANO,VALÉRIA BELÉM,biblioteca,Disponível
CORES DAS CORES,ARTHUR NESTROVSKI,biblioteca,Disponível
UMA INCRÍVEL PORÇÃO MÁGICA,SHIN JI-YUN,biblioteca,Disponível
A CASA DAS DEZ FURUNFUNFELHAS,LETICE GOMES,biblioteca,Disponível
CONDOMÍNIO DOS MONSTROS,ALEANDRE DE CASTRO,biblioteca,Disponível
EU SOU O GALO,ELYSANNA LOUZADA,biblioteca,Disponível
A FESTA DAS PALAVRAS,KATIA CANTON,biblioteca,Disponível
CHÁ DE SUMIÇO,ANDRÉ RICARDO,biblioteca,Disponível
BICHOS,RONALDO SIMÃO,biblioteca,Disponível
ONDE ESTAMOS?,LY BARBOSA,biblioteca,Disponível
CONTOS DE PERRAULT,RUTH ROCHA,biblioteca,Disponível
FÁBULAS DE ESOPO,RUTH ROCHA,biblioteca,Disponível
MULA SEM CABEÇA,SYLVIA ORTHOF,biblioteca,Disponível
O LAGO DOS CISNES,PYOTR ILYICH,biblioteca,Disponível
O CAPITÃO E A SEREIA,ANDRÉ NEVES,biblioteca,Disponível
QUEM ACORDA SONHA,ANGELA CARNEIRO,biblioteca,Disponível
LÁPIS ENCANTADO,LEO CUNHA,biblioteca,Disponível
ESCOLA PARA TODOS,JOSÉ LUIZ MAZZARO,biblioteca,Disponível
O BORDADO ENCANTADO,HELENA ALEXANDRINO,biblioteca,Disponível
CADA SAPO COM SEU PAPO...,FÁTIMA MIGUEZ,biblioteca,Disponível
DE QUEM TEM MEDO DE LOBO MAU?,SILVANA DE MENEZES,biblioteca,Disponível
DE CARTA EM CARTA,ANA MARIA MACHADO,biblioteca,Disponível
BRUNO E AMANDA,PEDRO VELUDO,biblioteca,Disponível
ANACLETO,BARTOLOMEU CAMPOS,biblioteca,Disponível
COBRAS E LAGARTOS,WANIA AMARANTE,biblioteca,Disponível
HISTÓRIAS MARAVILHOSAS DE ANDERSEN,RUSSEL ASH,biblioteca,Disponível
CAMPEÕES,FIONA REMPT,biblioteca,Disponível
USANDO AS MÃOS...,MICHAEL DAHL,biblioteca,Disponível
A SEMENTE QUE VEIO DA ÁFRICA,HELOISA PIRES,biblioteca,Disponível
MARIA MOLE,ANDRÉ NEVES,biblioteca,Disponível
MARIA A INCORRIGÍVEL,JÚLIO EMÍLIO,biblioteca,Disponível
ALFABETO ESCALAFOBÉTICO,CLAÚDIO FRAGATA,biblioteca,Disponível
CORUJICES,MÁRCIA BATISTA,biblioteca,Disponível
É ISSO ALI,JOSÉ PAULO PAES,biblioteca,Disponível
A LUA,RENATO BUENO,biblioteca,Disponível
DORMINHOCO,CLÉO BUSATTO,biblioteca,Disponível
JÚPITER E MASCARADO,ROSALY STEFANI,biblioteca,Disponível
VIAGEM AO MUNDO DOS MICRÓBIOS,SAMUEL MURGEL,biblioteca,Disponível
QUEM É GLÓRIA?,SILVIO COSTA,biblioteca,Disponível
A PRINCESA MEDROSA,ODILON MORAIS,biblioteca,Disponível
A ONÇA E O SACI,PEDRO BANDEIRA,biblioteca,Disponível
MORREU TIO EURICO! RUBIÃO FICOU RICO!,LILIAN SYPRIANO,biblioteca,Disponível
MÚSICA - ENTRE NO RITMO!,BASHER E DAN GREEN,biblioteca,Disponível
MINHAS FÉRIAS PULA LINHA,CHRISTIANE GRIBEL,biblioteca,Disponível
QUANDO EU COMECEI A CRESCER,RUTH ROCHA,biblioteca,Disponível
O MENINO E A CONCHA,FABIANO DOS SANTOS,biblioteca,Disponível
HISTORINHAS PESCADAS,ANGELA LAGO,biblioteca,Disponível
HISTÓRIA DA RESSURREIÇÃO DO PAPAGAIO,EDUARDO GALEANO,biblioteca,Disponível
PARA VENCER O MEDO E DERROTAR O DRAGÃO,MÁRCIO MENDES,biblioteca,Disponível
FOLCLORE,MARY B.C. VIGNA,biblioteca,Disponível
O MERGULHO DO REI,CAIO DUCCA,biblioteca,Disponível
O GATO VIRIATO - O ENCONTRO,ROGER MELLO,biblioteca,Disponível
COMO AS HISTÓRIAS SE ESPALHAM PELO MUNDO,GRAÇA LIMA,biblioteca,Disponível
DEZENOVE POEMAS DESENGONÇADOS,RICARDO AZEVEDO,biblioteca,Disponível
A PONTINHA DO ENFEITINHO DE UMA COLHER DE CAFÉ,ELVIRA VIGNA,biblioteca,Disponível
A CALIGRAFIA DE DONA SOFIA,ANDRÉ NEVES,biblioteca,Disponível
CHEGA DE ESTRESSE!,MICHAELENE MUNDY,biblioteca,Disponível
OS PÁSSAROS,GERMANO ZULIO,biblioteca,Disponível
MIG O DESCOBRIDOR,ANA MIRANDA,biblioteca,Disponível
O REINO ADORMECIDO,LEO CUNHA,biblioteca,Disponível
DR. URUBU (FÁBULA),FERREIRA GULLAR,biblioteca,Disponível
CONFUSÃO NA ROÇA,SÔNIA JUNQUEIRA,biblioteca,Disponível
ARAPUCA,DANIEL CABRAL,biblioteca,Disponível
COCOETE,EVA FURNARI,biblioteca,Disponível
ERA UMA VEZ UM REINO DE MENTIRAS,RICARDO BENEVIDES,biblioteca,Disponível
MESTRE GATO E COMADRE ONÇA,CAROLINA CUNHA,biblioteca,Disponível
O GRANDE LIVRO DAS ADIVINHAÇÕES,MÁRIO SOUTO,biblioteca,Disponível
OS INVISÍVEIS,TINO FREITAS,biblioteca,Disponível
HISTÓRIAS A BRASILEIRA,ANA MARIA MACHADO,biblioteca,Disponível
LENDAS BRASILEIRAS,LUÍS DA CÂMARA CASCUDO,biblioteca,Disponível
ESAÚ E JACÓ,MACHADO DE ASSIS,biblioteca,Disponível
JÁ PRA CAMA MONSTRINHO!,MARIO RAMOS,biblioteca,Disponível
ERA UMA VEZ OUTRA VEZ,GLAUCIA LEWICKI,biblioteca,Disponível
NEGRA ONAWALE,DRIKA DUARTE,biblioteca,Disponível
OS PESTES,RONALD DAHL,biblioteca,Disponível
PINÓQUIO,RODRIGO PONTES,biblioteca,Disponível
AS AVENTURAS DE UMA GOTA D'AGUA,SAMUEL MURGEL,biblioteca,Disponível
O MENINO QUE MORREU AFOGADO NO LIXO,RUTH ROCHA,biblioteca,Disponível
O SAPO QUE FOI AO CÉU,EUGÊNIO AMADO,biblioteca,Disponível
ANTOLOGIA ILUSTRADA DA POESIA,ADRIANA CALCANHOTO,biblioteca,Disponível
A BATALHA DOS  MONSTROS E DAS FADAS,GRACIELA MONTES,biblioteca,Disponível
A RUA QUE FLUTUA,SILVIO COSTA,biblioteca,Disponível
NUMA NOITE MUITO ESCURA,SIMON PRESCOTT,biblioteca,Disponível
SETE HISTÓRIAS PARA CONTAR,ADRIANA FALCÃO,biblioteca,Disponível
DE CABEÇA PARA BAIXO,RICARDO DA CUNHA,biblioteca,Disponível
TREM DE ALAGOAS,ASCENSO FERREIRA,biblioteca,Disponível
EM VOLTA DO QUARTEIRÃO,ANNA FLORA,biblioteca,Disponível
BICHO QUE TE QUERO LIVRE,ELIAS JOSÉ,biblioteca,Disponível
CIRANDA ENTRAMELADA,ELVIRA DRUMMOND,biblioteca,Disponível
MEU REINO,KITTY CROWTHER,biblioteca,Disponível
ENFIM ATLETA!,ANNA CLAÚDIA RAMOS,biblioteca,Disponível
ASAS BRANCAS,CARLOS QUEIROS,biblioteca,Disponível
UMA PALAVRA SÓ,ANGELA LAGO,biblioteca,Disponível
CAFUTE E PENA-DE-PRATA,RACHEL DE QUEIROZ,biblioteca,Disponível
VOU ALI E VOLTO JÁ,ANGELA CARNEIRO,biblioteca,Disponível
BOCEJO,RENATO MORICONI,biblioteca,Disponível
A ÁRVORE,SANDRINE THOMMEN,biblioteca,Disponível
TERRAS POTIGUARES,MARCOS CESAR,biblioteca,Disponível
O CONTINENTE,ÉRICO VERÍSSIMO,biblioteca,Disponível
SELETA DE PROSA,MANOEL BANDEIRA,biblioteca,Disponível
UM NORDESTINO DE TODO CANTO,RONALDO CUNHA LIMA,biblioteca,Disponível
O RETRATO,ÉRICO VERÍSSIMO,biblioteca,Disponível
A SENHA DO MUNDO,CARLOS DRUMMOND DE ANDRADE,biblioteca,Disponível
AS VIAGENS DE GULLIVER,JONATHAN SWIFT,biblioteca,Disponível
CRIANÇA DAGORA É FOGO,CARLOS DRUMMOND DE ANDRADE,biblioteca,Disponível
BULLYING - NÃO QUERO IR PARA A ESCOLA,JOÃO PEDRO RORIZ,biblioteca,Disponível
CONTOS ENCANTOS EM CORDEL,SÍRILA SOUZA DE LIMA,biblioteca,Disponível
PALAVRA E ARTE POESIA,ALANE QUEIROZ,biblioteca,Disponível
ESSA TAL DEMOCRACIA,CRISTINA MARQUES,biblioteca,Disponível
MEMÓRIAS PÓSTUMAS DE BRAS CUBAS,MACHADO DE ASSIS,biblioteca,Disponível
A MORENINHA,JOAQUIM MANOEL DE MACEDO,biblioteca,Disponível
POLLYANNA,ELEANOR H. PORTER,biblioteca,Disponível
OS CONTADORES DE HISTÓRIAS,PEDRO BANDEIRA,biblioteca,Disponível
HOJE TEM ESPETÁCULO,ANA MARIA MACHADO,biblioteca,Disponível
CONTOS DO GRIMM: ANIMAIS ENCANTADOS,ANA MARIA MACHADO,biblioteca,Disponível
A CASA DA MADRINHA,LÍGIA BOJUNGA,biblioteca,Disponível
CONTOS DE PERRAULT,CHARLES PERRAULT,biblioteca,Disponível
DE REPENTE DA CERTO,RUTH ROCHA,biblioteca,Disponível
A HORA DA ESTRELA,CLARICE LISPECTOR,biblioteca,Disponível
AS LOUCAS AVENTURAS DO BARÃO DE MUNCHAUSEN,RUDOLPH ERICH RASPE,biblioteca,Disponível
DUAS FARSAS NORDESTINAS,RACINE SANTOS,biblioteca,Disponível
DANÇAS TRADICIONAIS DO RN,ANA PAULA SILVA,biblioteca,Disponível
MADE IN ÁFRICA,LUIZ CÂMARA CASCUDO,biblioteca,Disponível
CIRANDA DE PEDRA,LYGIA FAGUNDES,biblioteca,Disponível
O DIÁRIO DA RUA,ESMERALDA ORTIZ,biblioteca,Disponível
NAS ARTE-MANHAS DO IMAGINÁRIO INFANTIL,FÁTIMA MIGUEZ,biblioteca,Disponível
UM MENINO E UM URSO E UM BARCO,DAVE SHELTON,biblioteca,Disponível
AS MINAS DO REI SALOMÃO,RIDER HAGGARD,biblioteca,Disponível
OS TRÊS MOSQUETEIROS,ALEXANDRE DUMAS,biblioteca,Disponível
MOBY DICK,HERMAN MELVILLE,biblioteca,Disponível
OLIVER TWIST,CHARLES DICKENS,biblioteca,Disponível
O DOENTE IMAGINÁRIO,DANIEL FRESNOT,biblioteca,Disponível
QUEM TEM MEDO DE DEMÉTRIO LATOV?,ANGELES DURINI,biblioteca,Disponível
POLLYANNA MOÇA,ELEANOR H. PORTER,biblioteca,Disponível
ESPUMAS FLUTUANTES,CASTRO ALVES,biblioteca,Disponível
INOCÊNCIA,VISCONDE DE TAUNAY,biblioteca,Disponível
DEZ CORDÉIS NUM CORDEL SÓ,ANTÔNIO FRANCISCO,biblioteca,Disponível
CRÔNICAS SOBRE UM SÁBIO,WALTER PORTO,biblioteca,Disponível
ALBERT,ALBERTO GOLDIN,biblioteca,Disponível
CAIXA DE BRINQUEDOS,JOÃO ANZANELLO,biblioteca,Disponível
QUATRO VIDAS DE UM CACHORRO,W. BRUCE CAMERON,biblioteca,Disponível
SAGARANA,JOÃO GUIMARÃES,biblioteca,Disponível
FULÔ DO MATO,RENATO CALDAS,biblioteca,Disponível
UMA VONTADE LOUCA,ANA MARIA MACHADO,biblioteca,Disponível
O SACI EPAMINONDAS,ALAN OLIVEIRA,biblioteca,Disponível
NUNCA DESISTA DE SEUS SONHOS,AUGUSTO CURY,biblioteca,Disponível
PERCY JACKSON - A BATALHA DO LABIRINTO,RICK RIORDAN,biblioteca,Disponível
MENINOS EU CONTO,RACHEL DE QUEIROZ,biblioteca,Disponível
O DIA EM QUE FELIPE SUMIU,MILU LEITE,biblioteca,Disponível
RAUL DA FERRUGEM AZUL,ANA MARIA MACHADO,biblioteca,Disponível
EU CHOVO TU CHOVES ELE CHOVE ...,SYLVIA ORTHOF,biblioteca,Disponível
O FANTASMA NO PORÃO,ELIAS JOSÉ,biblioteca,Disponível
PLUFT O FANTASMINHA,MARIA CLARA MACHADO,biblioteca,Disponível
GENTE NOVA NO PEDAÇO,DÊNIO MAUÉS,biblioteca,Disponível
AS VIAGENS DE TOM SAWYER,MARK TWAIN,biblioteca,Disponível
NO PALCO TODO MUNDO VIRA BICHO,JOSÉ CARLOS ARAGÃO,biblioteca,Disponível
CHAPEUZINHO VERMELHO,JOÃO DE BARROS,biblioteca,Disponível
PRÍNCIPES E PRINCESAS SAPOS E LARGATOS,FLÁVIO DE SOUZA,biblioteca,Disponível
O PEQUENO PRÍNCIPE,ANTOINE DE SAINT-EXUPÉRY,biblioteca,Disponível
HISTÓRIAS PARA SALA DE AULA - CRÔNICAS,WALCYR CARRASCO,biblioteca,Disponível
MACAÍBA E SEU MESQUITA,VALÉRIO MESQUITA,biblioteca,Disponível
ENÍGMAS DO VAMPIRO (HISTÓRIA DA ÍNDIA),CATHERINE ZARCATE,biblioteca,Disponível
MEUS POEMAS PREFERIDOS,MANOEL BANDEIRA,biblioteca,Disponível
CORAÇÃO DAS TREVAS - ÁFRICA,JOSEPH CONRAD,biblioteca,Disponível
VIAGEM À LUA DE CANOA,HUGO ALMEIDA,biblioteca,Disponível
CIRCO DE PALAVRAS - POEMAS E PENSAMENTOS,MILLÔR FERNANDES,biblioteca,Disponível
LIVRO DE PALAVRAS - POESIAS,JOÃO ANDRADE,biblioteca,Disponível
POLIANA MOÇA,ELEANOR H. PORTER,biblioteca,Disponível
EMIL E OS TRÊS GÊMEOS,ERICK KASTNER,biblioteca,Disponível
ARANHA POR UM FIO,LAURENT CARDON,biblioteca,Disponível
O MENINO NARIGUDO,WALCYR CARRASCO,biblioteca,Disponível
,undefined,undefined,Disponível